{"schemaVersion":"1.0","appDefinitionTemplate":{"id":"/providers/Microsoft.PowerApps/apps/","type":"Microsoft.PowerApps/apps","tags":{"primaryDeviceWidth":"640","primaryDeviceHeight":"1136","sienaVersion":"20210212T163038Z-3.21014.45.0","deviceCapabilities":"","supportsPortrait":"true","supportsLandscape":"false","primaryFormFactor":"Phone","publisherVersion":"3.21014.45","minimumRequiredApiVersion":"2.2.0","hasComponent":"true","hasUnlockedComponent":"true","isUnifiedRootApp":"false"},"properties":{"appVersion":"2021-02-12T16:30:38Z","lifeCycleId":"Published","createdByClientVersion":{"major":3,"minor":21014,"build":45,"revision":0,"majorRevision":0,"minorRevision":0},"minClientVersion":{"major":3,"minor":21014,"build":45,"revision":0,"majorRevision":0,"minorRevision":0},"backgroundColor":"rgba(0, 138, 0, 1)","backgroundImageUri":"/17420104854283064052/N07fe2d7b-42af-4e9c-8e3b-fe343ffd3bc0-logoSmallFile","displayName":"Building Access","description":"","commitMessage":"","appUris":{"documentUri":{"value":"/17420104854283064052/N8a2cd8f4-fef0-40d7-8aa1-57417cd7fd1d-document.msapp"},"imageUris":[]},"createdTime":"0001-01-01T00:00:00Z","lastModifiedTime":"0001-01-01T00:00:00Z","sharedGroupsCount":0,"sharedUsersCount":0,"icons":{"smallIconUri":"/17420104854283064052/Nc44a9fe7-5f26-4c60-837d-a9c0785554d3-small.png","mediumIconUri":"/17420104854283064052/N0d394187-1d2a-45a2-ba20-5073a9b37cdf-medium.png","largeIconUri":"/17420104854283064052/Na3e41ecf-abcc-43a7-845d-2de936ec733c-large.png","wideIconUri":"/17420104854283064052/Nfce1650a-6da6-4463-af78-3071604dd414-wide.png"},"connectionReferences":{"a85136af-8df5-414d-87dc-5e905e932008":{"id":"85b545a6-53c5-4d8b-a371-49e0dbeacbae","displayName":"Office 365 Users","iconUri":"https://connectoricons-prod.azureedge.net/releases/v1.0.1430/1.0.1430.2296/office365users/icon.png","dataSources":["Office365Users"],"dependencies":[],"dependents":["8895b911-65a9-4ed2-a336-3e20fa6d6771"],"parameterHints":{},"isOnPremiseConnection":false,"bypassConsent":false,"dataSets":{},"apiTier":"Standard","isCustomApiConnection":false,"actions":["MyProfileV2","UserProfileV2","UserProfile","ManagerV2","SearchUser"]},"f7e9b7d0-887b-409e-aa31-cadb387f0d03":{"id":"8130f193-7a6c-4df2-af6c-1ba555ca082e","displayName":"SharePoint","iconUri":"https://connectoricons-prod.azureedge.net/releases/v1.0.1431/1.0.1431.2301/sharepointonline/icon.png","dataSources":["BAR_Spaces","BAR_AppSettings","BAR_Buildings","BAR_KeyQuestionAnswers","BAR_KeyQuestions","BAR_LogosAssets","BAR_Requests","BAR_SafetyPrecautions","BAR_TimeSlots"],"dependencies":[],"dependents":["8895b911-65a9-4ed2-a336-3e20fa6d6771"],"parameterHints":{},"isOnPremiseConnection":false,"bypassConsent":false,"dataSets":{"https://m365x931183.sharepoint.com/sites/BuildingAccessSite":{"dataSources":{"BAR_AppSettings":{"tableName":"804e7f8e-5ba1-4c50-bb0b-f545d7391911"},"BAR_Buildings":{"tableName":"bf50e6b1-ee6e-4d47-af7c-f5ad26f6490b"},"BAR_KeyQuestionAnswers":{"tableName":"85fb09a8-0c1a-40eb-9525-966d7cfca26b"},"BAR_KeyQuestions":{"tableName":"a7358af0-e641-4af0-a271-837bde464bef"},"BAR_LogosAssets":{"tableName":"5fb27c65-267e-4baf-bda5-1d7320634bef"},"BAR_Requests":{"tableName":"d9f00e1c-64fe-4c3e-880b-9c762a33f478"},"BAR_SafetyPrecautions":{"tableName":"8953b923-f1eb-4eab-a4a1-bac2bb453e16"},"BAR_Spaces":{"tableName":"8d6a62fe-5713-4103-84cb-00975624a5a9"},"BAR_TimeSlots":{"tableName":"534d6ec2-9f81-4ae3-9a40-a051e034b72d"}}}},"apiTier":"Standard","isCustomApiConnection":false},"8895b911-65a9-4ed2-a336-3e20fa6d6771":{"id":"8028ca5b-af5e-462f-9bd8-416b31285bb4","displayName":"Logic flows","iconUri":"https://connectoricons-prod.azureedge.net/releases/v1.0.1438/1.0.1438.2324/logicflows/icon.png","dataSources":["BARCreateRequests"],"dependencies":["a85136af-8df5-414d-87dc-5e905e932008","f7e9b7d0-887b-409e-aa31-cadb387f0d03"],"dependents":[],"parameterHints":{"workflowName":{"value":"9b75a16c-445f-4093-bf45-300f7d0496ca"},"a85136af-8df5-414d-87dc-5e905e932008":{"value":"shared_office365users_1"},"f7e9b7d0-887b-409e-aa31-cadb387f0d03":{"value":"shared_sharepointonline_1"}},"isOnPremiseConnection":false,"bypassConsent":false,"dataSets":{},"apiTier":"Standard","isCustomApiConnection":false,"actions":["Run"]}},"databaseReferences":{},"almMode":"Environment","performanceOptimizationEnabled":true,"canConsumeAppPass":true,"executionRestrictions":{"isTeamsOnly":false,"dataLossPreventionEvaluationResult":{"status":"Compliant","lastEvaluationDate":"2021-01-21T12:14:29.5061719Z","violationDetails":[]}}},"isAppComponentLibrary":false,"appType":"ClassicCanvasApp","appComponents":[]}}