{"schemaVersion":"1.0","appDefinitionTemplate":{"id":"/providers/Microsoft.PowerApps/apps/","type":"Microsoft.PowerApps/apps","tags":{"primaryDeviceWidth":"640","primaryDeviceHeight":"1136","sienaVersion":"20210318T160709Z-3.21031.41.0","deviceCapabilities":"","supportsPortrait":"true","supportsLandscape":"false","primaryFormFactor":"Phone","publisherVersion":"3.21031.41","minimumRequiredApiVersion":"2.2.0","hasComponent":"true","hasUnlockedComponent":"true","isUnifiedRootApp":"false"},"properties":{"appVersion":"2021-03-18T16:07:09Z","lifeCycleId":"Published","createdByClientVersion":{"major":3,"minor":21031,"build":41,"revision":0,"majorRevision":0,"minorRevision":0},"minClientVersion":{"major":3,"minor":21031,"build":41,"revision":0,"majorRevision":0,"minorRevision":0},"backgroundColor":"rgba(0, 138, 0, 1)","backgroundImageUri":"/17420104854283064052/N7fa7a23a-55cb-4b69-af11-dd4dc9fa21e7-logoSmallFile","displayName":"Building Access","description":"","commitMessage":"","appUris":{"documentUri":{"value":"/17420104854283064052/N3d6db471-006a-4357-bf9b-65d6597bd0f7-document.msapp"},"imageUris":[]},"createdTime":"0001-01-01T00:00:00Z","lastModifiedTime":"0001-01-01T00:00:00Z","sharedGroupsCount":0,"sharedUsersCount":0,"icons":{"smallIconUri":"/17420104854283064052/N5c081f78-02f1-4f2f-8398-fb9bcfb23b70-small.png","mediumIconUri":"/17420104854283064052/Nb31295f8-9e0c-4470-98b7-52e8c17bd566-medium.png","largeIconUri":"/17420104854283064052/N015ceb87-bbc1-41ce-ac95-20eae00fcabc-large.png","wideIconUri":"/17420104854283064052/Nda939d2d-91b5-42d2-bc5e-b6a7778e0ff9-wide.png"},"connectionReferences":{"a85136af-8df5-414d-87dc-5e905e932008":{"id":"85b545a6-53c5-4d8b-a371-49e0dbeacbae","displayName":"Office 365 Users","iconUri":"https://connectoricons-prod.azureedge.net/releases/v1.0.1430/1.0.1430.2296/office365users/icon.png","dataSources":["Office365Users"],"dependencies":[],"dependents":["8895b911-65a9-4ed2-a336-3e20fa6d6771"],"parameterHints":{},"isOnPremiseConnection":false,"bypassConsent":false,"dataSets":{},"apiTier":"Standard","isCustomApiConnection":false,"actions":["MyProfileV2","UserProfileV2","UserProfile","ManagerV2","SearchUser"]},"f7e9b7d0-887b-409e-aa31-cadb387f0d03":{"id":"8130f193-7a6c-4df2-af6c-1ba555ca082e","displayName":"SharePoint","iconUri":"https://connectoricons-prod.azureedge.net/releases/v1.0.1445/1.0.1445.2347/sharepointonline/icon.png","dataSources":["BAR_Spaces","BAR_AppSettings","BAR_Buildings","BAR_KeyQuestionAnswers","BAR_KeyQuestions","BAR_LogosAssets","BAR_Requests","BAR_SafetyPrecautions","BAR_TimeSlots"],"dependencies":[],"dependents":["8895b911-65a9-4ed2-a336-3e20fa6d6771"],"parameterHints":{},"isOnPremiseConnection":false,"bypassConsent":false,"dataSets":{"https://m365x931183.sharepoint.com/sites/BuildingAccessSite":{"dataSources":{"BAR_AppSettings":{"tableName":"804e7f8e-5ba1-4c50-bb0b-f545d7391911"},"BAR_Buildings":{"tableName":"bf50e6b1-ee6e-4d47-af7c-f5ad26f6490b"},"BAR_KeyQuestionAnswers":{"tableName":"85fb09a8-0c1a-40eb-9525-966d7cfca26b"},"BAR_KeyQuestions":{"tableName":"a7358af0-e641-4af0-a271-837bde464bef"},"BAR_LogosAssets":{"tableName":"5fb27c65-267e-4baf-bda5-1d7320634bef"},"BAR_Requests":{"tableName":"d9f00e1c-64fe-4c3e-880b-9c762a33f478"},"BAR_SafetyPrecautions":{"tableName":"8953b923-f1eb-4eab-a4a1-bac2bb453e16"},"BAR_Spaces":{"tableName":"8d6a62fe-5713-4103-84cb-00975624a5a9"},"BAR_TimeSlots":{"tableName":"534d6ec2-9f81-4ae3-9a40-a051e034b72d"}}}},"apiTier":"Standard","isCustomApiConnection":false},"8895b911-65a9-4ed2-a336-3e20fa6d6771":{"id":"8028ca5b-af5e-462f-9bd8-416b31285bb4","displayName":"Logic flows","iconUri":"https://connectoricons-prod.azureedge.net/releases/v1.0.1438/1.0.1438.2324/logicflows/icon.png","dataSources":["BARCreateRequests"],"dependencies":["a85136af-8df5-414d-87dc-5e905e932008","f7e9b7d0-887b-409e-aa31-cadb387f0d03"],"dependents":[],"parameterHints":{"workflowName":{"value":"9b75a16c-445f-4093-bf45-300f7d0496ca"},"a85136af-8df5-414d-87dc-5e905e932008":{"value":"shared_office365users_1"},"f7e9b7d0-887b-409e-aa31-cadb387f0d03":{"value":"shared_sharepointonline_1"}},"isOnPremiseConnection":false,"bypassConsent":false,"dataSets":{},"apiTier":"Standard","isCustomApiConnection":false,"actions":["Run"]}},"databaseReferences":{},"almMode":"Environment","performanceOptimizationEnabled":true,"canConsumeAppPass":true,"executionRestrictions":{"isTeamsOnly":false,"dataLossPreventionEvaluationResult":{"status":"Compliant","lastEvaluationDate":"2021-01-21T12:14:29.5061719Z","violationDetails":[]}}},"isAppComponentLibrary":false,"appType":"ClassicCanvasApp","appComponents":[]}}