{"name":"f1778c0f-b153-4273-8f15-cf2a842f5820","id":"/providers/Microsoft.Flow/flows/f1778c0f-b153-4273-8f15-cf2a842f5820","type":"Microsoft.Flow/flows","properties":{"apiId":"/providers/Microsoft.PowerApps/apis/shared_logicflows","displayName":"BARNotifyApprover","definition":{"metadata":{"workflowEntityId":null,"flowclientsuspensionreason":"None","flowclientsuspensiontime":null,"creator":{"id":"f87a02c9-09c4-4dbe-aff4-8bfa0c3ec16f","type":"User","tenantId":"890c4e6f-46fc-4674-9350-3d8cf21fe8d3"},"provisioningMethod":"FromDefinition","failureAlertSubscription":true,"clientLastModifiedTime":"2021-01-22T06:09:48.6965909Z"},"$schema":"https://schema.management.azure.com/providers/Microsoft.Logic/schemas/2016-06-01/workflowdefinition.json#","contentVersion":"1.0.0.0","parameters":{"$connections":{"defaultValue":{},"type":"Object"},"$authentication":{"defaultValue":{},"type":"SecureObject"}},"triggers":{"Request":{"recurrence":{"frequency":"Minute","interval":3},"splitOn":"@triggerBody()?['value']","metadata":{"flowSystemMetadata":{"swaggerOperationId":"GetOnUpdatedItems"}},"type":"ApiConnection","inputs":{"host":{"connection":{"name":"@parameters('$connections')['shared_sharepointonline']['connectionId']"},"api":{"runtimeUrl":"https://unitedstates-002.azure-apim.net/apim/sharepointonline"}},"method":"get","path":"/datasets/@{encodeURIComponent(encodeURIComponent('https://m365x931183.sharepoint.com/sites/BuildingAccessSite'))}/tables/@{encodeURIComponent(encodeURIComponent('d9f00e1c-64fe-4c3e-880b-9c762a33f478'))}/onupdateditems","authentication":"@parameters('$authentication')"},"conditions":[{"expression":"@equals(triggerBody()?['Status']?['Value'],'Pending Approval')"},{"expression":"@equals(triggerBody()?['AutoApproved'],false)"},{"expression":"@equals(triggerBody()?['IsRequired'],true)"}]}},"actions":{"Switch":{"runAfter":{"ComposeResponse":["Succeeded"]},"cases":{"Approved":{"case":"approve","actions":{"MarkApproved":{"runAfter":{"Set_varMessage_Approve":["Succeeded"]},"metadata":{"flowSystemMetadata":{"swaggerOperationId":"PatchItem"}},"type":"ApiConnection","inputs":{"host":{"connection":{"name":"@parameters('$connections')['shared_sharepointonline']['connectionId']"},"api":{"runtimeUrl":"https://unitedstates-002.azure-apim.net/apim/sharepointonline"}},"method":"patch","body":{"Title":"@triggerBody()?['Title']","Status":{"Value":"Approved"},"Active":1,"RequestorNotificationSent":true},"path":"/datasets/@{encodeURIComponent(encodeURIComponent(variables('varSiteUrl')))}/tables/@{encodeURIComponent(encodeURIComponent('BAR_Requests'))}/items/@{encodeURIComponent(triggerBody()?['ID'])}","authentication":"@parameters('$authentication')"}},"Set_varMessage_Approve":{"runAfter":{},"type":"SetVariable","inputs":{"name":"varMessage","value":"@{triggerBody()?['RequestDate']} - @{triggerBody()?['Title']} - @{triggerBody()?['SpaceName']} - @{triggerBody()?['TimeSlot']}"}},"Post_a_message_as_the_Flow_bot_to_a_user_2":{"runAfter":{"MarkApproved":["Succeeded"]},"metadata":{"flowSystemMetadata":{"swaggerOperationId":"PostUserNotification"}},"type":"ApiConnection","inputs":{"host":{"connection":{"name":"@parameters('$connections')['shared_teams']['connectionId']"},"api":{"runtimeUrl":"https://unitedstates-002.azure-apim.net/apim/teams"}},"method":"post","body":{"recipient":{"to":"@{triggerBody()?['Requestor']?['Email']};"},"messageBody":"@variables('varMessage')","messageTitle":"Onsite Request Approved"},"path":"/flowbot/actions/notification/recipienttypes/user","authentication":"@parameters('$authentication')"}}}},"Rejected":{"case":"reject","actions":{"ComposeRejectionComments":{"runAfter":{},"type":"Compose","inputs":"@If(empty(triggerBody()?['Approver']?['Email']),body('ResponseAdmin')?['data']?['RejectCommentID'],body('Response')?['data']?['RejectCommentID'])"},"Set_varMessage_Rejected":{"runAfter":{"ComposeRejectionComments":["Succeeded"]},"type":"SetVariable","inputs":{"name":"varMessage","value":"@{triggerBody()?['RequestDate']} - @{triggerBody()?['Title']} - @{triggerBody()?['SpaceName']} - @{triggerBody()?['TimeSlot']}\nReason:\n@{outputs('ComposeRejectionComments')}"}},"Post_a_message_as_the_Flow_bot_to_a_user_3":{"runAfter":{"Condition":["Succeeded"]},"metadata":{"flowSystemMetadata":{"swaggerOperationId":"PostUserNotification"}},"type":"ApiConnection","inputs":{"host":{"connection":{"name":"@parameters('$connections')['shared_teams']['connectionId']"},"api":{"runtimeUrl":"https://unitedstates-002.azure-apim.net/apim/teams"}},"method":"post","body":{"recipient":{"to":"@{triggerBody()?['Requestor']?['Email']};"},"messageBody":"@variables('varMessage')","messageTitle":"Onsite Request Rejected"},"path":"/flowbot/actions/notification/recipienttypes/user","authentication":"@parameters('$authentication')"}},"Condition":{"actions":{"Get_items_2":{"runAfter":{},"metadata":{"flowSystemMetadata":{"swaggerOperationId":"GetItems"}},"type":"ApiConnection","inputs":{"host":{"connection":{"name":"@parameters('$connections')['shared_sharepointonline']['connectionId']"},"api":{"runtimeUrl":"https://unitedstates-002.azure-apim.net/apim/sharepointonline"}},"method":"get","path":"/datasets/@{encodeURIComponent(encodeURIComponent(variables('varSiteUrl')))}/tables/@{encodeURIComponent(encodeURIComponent('BAR_Requests'))}/items","queries":{"$filter":"Request_x0020_Collection_x0020_I eq '@{triggerBody()?['Request_x0020_Collection_x0020_I']}' and DateValue eq  '@{triggerBody()?['DateValue']}' "},"authentication":"@parameters('$authentication')"}},"Apply_to_each":{"foreach":"@body('Get_items_2')?['value']","actions":{"Update_item":{"runAfter":{},"metadata":{"flowSystemMetadata":{"swaggerOperationId":"PatchItem"}},"type":"ApiConnection","inputs":{"host":{"connection":{"name":"@parameters('$connections')['shared_sharepointonline']['connectionId']"},"api":{"runtimeUrl":"https://unitedstates-002.azure-apim.net/apim/sharepointonline"}},"method":"patch","body":{"Title":"@triggerBody()?['Title']","Status":{"Value":"Rejected"},"RejectionReason":"@outputs('ComposeRejectionComments')","Active":0,"RequestorNotificationSent":true},"path":"/datasets/@{encodeURIComponent(encodeURIComponent(variables('varSiteUrl')))}/tables/@{encodeURIComponent(encodeURIComponent('BAR_Requests'))}/items/@{encodeURIComponent(items('Apply_to_each')?['ID'])}","authentication":"@parameters('$authentication')"}}},"runAfter":{"Get_items_2":["Succeeded"]},"type":"Foreach"}},"runAfter":{"Set_varMessage_Rejected":["Succeeded"]},"else":{"actions":{"MarkRejected":{"runAfter":{},"metadata":{"flowSystemMetadata":{"swaggerOperationId":"PatchItem"}},"type":"ApiConnection","inputs":{"host":{"connection":{"name":"@parameters('$connections')['shared_sharepointonline']['connectionId']"},"api":{"runtimeUrl":"https://unitedstates-002.azure-apim.net/apim/sharepointonline"}},"method":"patch","body":{"Title":"@triggerBody()?['Title']","Status":{"Value":"Rejected"},"RejectionReason":"@outputs('ComposeRejectionComments')","Active":0,"RequestorNotificationSent":true},"path":"/datasets/@{encodeURIComponent(encodeURIComponent(variables('varSiteUrl')))}/tables/@{encodeURIComponent(encodeURIComponent('BAR_Requests'))}/items/@{encodeURIComponent(triggerBody()?['ID'])}","authentication":"@parameters('$authentication')"}}}},"expression":{"equals":["@triggerBody()?['TimeSlot']","Full-day"]},"type":"If"}}}},"default":{"actions":{}},"expression":"@outputs('ComposeResponse')","type":"Switch"},"StillPendingApproval":{"actions":{},"runAfter":{"Initialize_variable":["Succeeded"]},"else":{"actions":{"Terminate_2":{"runAfter":{},"type":"Terminate","inputs":{"runStatus":"Succeeded"}}}},"expression":{"equals":["@triggerBody()?['Status']?['Value']","Pending Approval"]},"type":"If"},"Initialize_variable-varSiteUrl":{"runAfter":{"Get_items":["Succeeded"]},"type":"InitializeVariable","inputs":{"variables":[{"name":"varSiteUrl","type":"string","value":"https://m365x931183.sharepoint.com/sites/BuildingAccessSite"}]}},"ComposeResponse":{"runAfter":{"StillPendingApproval":["Succeeded"]},"type":"Compose","inputs":"@If(empty(triggerBody()?['Approver']?['Email']),body('ResponseAdmin')?['data']?['action'],body('Response')?['data']?['action'])"},"Initialize_variable-varMessage":{"runAfter":{"Initialize_variable-varSiteUrl":["Succeeded"]},"type":"InitializeVariable","inputs":{"variables":[{"name":"varMessage","type":"string"}]}},"Compose-Timeout":{"runAfter":{"Initialize_variable-varMessage":["Succeeded"]},"type":"Compose","inputs":"@Div(sub(ticks(addHours(formatDateTime(triggerBody()?['RequestDate'],'yyyy-MM-ddThh:mm:ss'),12)),ticks(formatDateTime(utcNow(),'yyyy-MM-ddThh:mm:ss'))),60000000000)"},"Initialize_variable-varTimeOut":{"runAfter":{"Compose-Timeout":["Succeeded"]},"type":"InitializeVariable","inputs":{"variables":[{"name":"varTimeOut","type":"string","value":"@{concat('P',Div(sub(ticks(formatDateTime(addDays(formatDateTime(triggerBody()?['RequestDate'],'yyyy-MM-dd'),1),'yyyy-MM-dd')),ticks(formatDateTime(utcNow(),'yyyy-MM-dd'))),864000000000),'D')}"}]}},"CheckIfApproverNameExists":{"actions":{"Response":{"runAfter":{"Post_an_Adaptive_Card_to_a_Teams_user_and_wait_for_a_response_2":["Succeeded"]},"type":"ParseJson","inputs":{"content":"@body('Post_an_Adaptive_Card_to_a_Teams_user_and_wait_for_a_response_2')","schema":{"type":"object","properties":{"responseTime":{"type":"string"},"responder":{"type":"object","properties":{"objectId":{"type":"string"},"tenantId":{"type":"string"},"email":{"type":"string"},"userPrincipalName":{"type":"string"},"displayName":{"type":"string"}}},"submitActionId":{"type":"string"},"data":{"type":"object","properties":{"RejectCommentID":{"type":"string"},"id":{"type":"string"},"action":{"type":"string"}}}}}}},"Post_an_Adaptive_Card_to_a_Teams_user_and_wait_for_a_response_2":{"runAfter":{},"metadata":{"flowSystemMetadata":{"swaggerOperationId":"SubscribeUserFlowContinuation"}},"type":"ApiConnectionWebhook","inputs":{"host":{"connection":{"name":"@parameters('$connections')['shared_teams']['connectionId']"},"api":{"runtimeUrl":"https://unitedstates-002.azure-apim.net/apim/teams"}},"body":{"notificationUrl":"@{listCallbackUrl()}","body":{"recipient":{"to":"@{triggerBody()?['Approver']?['Email']};"},"messageBody":"{\n    \"type\": \"AdaptiveCard\",\n    \"body\": [\n        {\n            \"type\": \"Container\",\n            \"style\": \"emphasis\",\n            \"items\": [\n                {\n                    \"type\": \"ColumnSet\",\n                    \"columns\": [\n                        {\n                            \"type\": \"Column\",\n                            \"items\": [\n                                {\n                                    \"type\": \"TextBlock\",\n                                    \"size\": \"Large\",\n                                    \"weight\": \"Bolder\",\n                                    \"text\": \"**Building Access Request**\"\n                                }\n                            ],\n                            \"width\": \"stretch\"\n                        },\n                        {\n                            \"type\": \"Column\",\n                            \"items\": [\n                                {\n                                    \"type\": \"Image\",\n                                    \"url\": \"https://adaptivecards.io/content/pending.png\",\n                                    \"altText\": \"Pending\",\n                                    \"height\": \"30px\"\n                                }\n                            ],\n                            \"width\": \"auto\"\n                        }\n                    ]\n                }\n            ],\n            \"bleed\": true\n        },\n        {\n            \"type\": \"Container\",\n            \"items\": [\n                {\n                    \"type\": \"ColumnSet\",\n                    \"columns\": [\n                        {\n                            \"type\": \"Column\",\n                            \"items\": [\n                                {\n                                    \"type\": \"TextBlock\",\n                                    \"size\": \"ExtraLarge\",\n                                    \"text\": \"@{triggerBody()?['Title']} | @{triggerBody()?['SpaceName']}\",\n                                    \"wrap\": true,\n                                    \"color\": \"Dark\",\n                                    \"isSubtle\": true\n                                }\n                            ],\n                            \"width\": \"stretch\"\n                        },\n                        {\n                            \"type\": \"Column\",\n                            \"width\": \"auto\"\n                        }\n                    ]\n                }\n            ]\n        },\n        {\n            \"type\": \"ColumnSet\",\n            \"columns\": [\n                {\n                    \"type\": \"Column\",\n                    \"items\": [\n                        {\n                            \"type\": \"TextBlock\",\n                            \"size\": \"Medium\",\n                            \"text\": \"Requested By: \",\n                            \"wrap\": true\n                        }\n                    ],\n                    \"width\": 0\n                },\n                {\n                    \"type\": \"Column\",\n                    \"items\": [\n                        {\n                            \"type\": \"TextBlock\",\n                            \"size\": \"Medium\",\n                            \"text\": \"**@{triggerBody()?['Requestor']?['DisplayName']}**  @{triggerBody()?['Requestor']?['Email']}\",\n                            \"wrap\": true\n                        }\n                    ],\n                    \"width\": \"stretch\"\n                }\n            ]\n        },\n        {\n            \"type\": \"ColumnSet\",\n            \"columns\": [\n                {\n                    \"type\": \"Column\",\n                    \"items\": [\n                        {\n                            \"type\": \"TextBlock\",\n                            \"size\": \"Medium\",\n                            \"text\": \"Submitted On:\",\n                            \"wrap\": true\n                        }\n                    ],\n                    \"width\": 0\n                },\n                {\n                    \"type\": \"Column\",\n                    \"items\": [\n                        {\n                            \"type\": \"TextBlock\",\n                            \"size\": \"Medium\",\n                            \"text\": \"@{triggerBody()?['Created']}\",\n                            \"wrap\": true\n                        }\n                    ],\n                    \"width\": \"stretch\"\n                }\n            ]\n        },\n        {\n            \"type\": \"ColumnSet\",\n            \"columns\": [\n                {\n                    \"type\": \"Column\",\n                    \"items\": [\n                        {\n                            \"type\": \"TextBlock\",\n                            \"size\": \"Medium\",\n                            \"text\": \"Request date:\",\n                            \"wrap\": true\n                        }\n                    ],\n                    \"width\": 0\n                },\n                {\n                    \"type\": \"Column\",\n                    \"items\": [\n                        {\n                            \"type\": \"TextBlock\",\n                            \"size\": \"Medium\",\n                            \"text\": \"@{triggerBody()?['RequestDate']}\",\n                            \"wrap\": true\n                        }\n                    ],\n                    \"width\": \"stretch\"\n                }\n            ]\n        },\n        {\n            \"type\": \"ColumnSet\",\n            \"columns\": [\n                {\n                    \"type\": \"Column\",\n                    \"items\": [\n                        {\n                            \"type\": \"TextBlock\",\n                            \"size\": \"Medium\",\n                            \"text\": \"Building:\",\n                            \"wrap\": true\n                        }\n                    ],\n                    \"width\": 0\n                },\n                {\n                    \"type\": \"Column\",\n                    \"items\": [\n                        {\n                            \"type\": \"TextBlock\",\n                            \"size\": \"Medium\",\n                            \"text\": \"@{triggerBody()?['Title']}\",\n                            \"wrap\": true\n                        }\n                    ],\n                    \"width\": \"stretch\"\n                }\n            ]\n        },\n        {\n            \"type\": \"ColumnSet\",\n            \"columns\": [\n                {\n                    \"type\": \"Column\",\n                    \"items\": [\n                        {\n                            \"type\": \"TextBlock\",\n                            \"size\": \"Medium\",\n                            \"text\": \"Space:\",\n                            \"wrap\": true\n                        }\n                    ],\n                    \"width\": 0\n                },\n                {\n                    \"type\": \"Column\",\n                    \"items\": [\n                        {\n                            \"type\": \"TextBlock\",\n                            \"size\": \"Medium\",\n                            \"text\": \"@{triggerBody()?['SpaceName']}\",\n                            \"wrap\": true\n                        }\n                    ],\n                    \"width\": \"stretch\"\n                }\n            ]\n        },\n       {\n            \"type\": \"ColumnSet\",\n            \"columns\": [\n                {\n                    \"type\": \"Column\",\n                    \"items\": [\n                        {\n                            \"type\": \"TextBlock\",\n                            \"size\": \"Medium\",\n                            \"text\": \"Time slot:\",\n                            \"wrap\": true\n                        }\n                    ],\n                    \"width\": 0\n                },\n                {\n                    \"type\": \"Column\",\n                    \"items\": [\n                        {\n                            \"type\": \"TextBlock\",\n                            \"size\": \"Medium\",\n                            \"text\": \"@{triggerBody()?['TimeSlot']}\",\n                            \"wrap\": true\n                        }\n                    ],\n                    \"width\": \"stretch\"\n                }\n            ]\n        },\n        {\n            \"type\": \"ColumnSet\",\n            \"columns\": [\n                {\n                    \"type\": \"Column\",\n                    \"items\": [\n                        {\n                            \"type\": \"TextBlock\",\n                            \"size\": \"Medium\",\n                            \"text\": \"Reason:\",\n                            \"wrap\": true\n                        }\n                    ],\n                    \"width\": 0\n                },\n                {\n                    \"type\": \"Column\",\n                    \"items\": [\n                        {\n                            \"type\": \"TextBlock\",\n                            \"size\": \"Medium\",\n                            \"text\": \"@{triggerBody()?['RequestReason']}\",\n                            \"wrap\": true\n                        }\n                    ],\n                    \"width\": \"stretch\"\n                }\n            ]\n        },\n        {\n            \"type\": \"Container\",\n            \"items\": [\n                {\n                    \"type\": \"ActionSet\",\n                    \"actions\": [\n                        {\n                            \"type\": \"Action.OpenUrl\",\n                            \"title\": \"Chat\",\n                            \"url\": \"https://teams.microsoft.com/l/chat/0/0?users=@{triggerBody()?['Requestor']?['Email']}\"\n                        },\n                        {\n                            \"type\": \"Action.Submit\",\n                            \"title\": \"Approve\",\n                            \"style\": \"positive\",\n                            \"data\": {\n                                \"id\": \"_qkQW8dJlUeLVi7ZMEzYVw\",\n                                \"action\": \"approve\"\n                            }\n                        },\n                        {\n                            \"type\": \"Action.ShowCard\",\n                            \"title\": \"Reject\",\n                            \"style\": \"destructive\",\n                            \"card\": {\n                                \"type\": \"AdaptiveCard\",\n                                \"body\": [\n                                    {\n                                        \"type\": \"Input.Text\",\n                                        \"id\": \"RejectCommentID\",\n                                        \"placeholder\": \"Please specify an appropriate reason for rejection.\",\n                                        \"isMultiline\": true\n                                    }\n                                ],\n                                \"actions\": [\n                                    {\n                                        \"type\": \"Action.Submit\",\n                                        \"title\": \"Send\",\n                                        \"data\": {\n                                            \"id\": \"_qkQW8dJlUeLVi7ZMEzYVw\",\n                                            \"action\": \"reject\"\n                                        }\n                                    }\n                                ],\n                                \"$schema\": \"http://adaptivecards.io/schemas/adaptive-card.json\"\n                            }\n                        }\n                    ]\n                }\n            ]\n        }\n    ],\n    \"$schema\": \"http://adaptivecards.io/schemas/adaptive-card.json\",\n    \"version\": \"1.2\",\n    \"fallbackText\": \"This card requires Adaptive Cards v1.2 support to be rendered properly.\"\n}","shouldUpdateCard":true}},"path":"/flowbot/actions/flowcontinuation/recipienttypes/user/$subscriptions","authentication":"@parameters('$authentication')"}}},"runAfter":{"Initialize_variable-varTimeOut":["Succeeded"]},"else":{"actions":{"GetAppSettings":{"runAfter":{},"metadata":{"flowSystemMetadata":{"swaggerOperationId":"GetItems"}},"type":"ApiConnection","inputs":{"host":{"connection":{"name":"@parameters('$connections')['shared_sharepointonline']['connectionId']"},"api":{"runtimeUrl":"https://unitedstates-002.azure-apim.net/apim/sharepointonline"}},"method":"get","path":"/datasets/@{encodeURIComponent(encodeURIComponent(variables('varSiteUrl')))}/tables/@{encodeURIComponent(encodeURIComponent('BAR_AppSettings'))}/items","queries":{"$top":1},"authentication":"@parameters('$authentication')"}},"ResponseAdmin":{"runAfter":{"Post_an_Adaptive_Card_to_a_Teams_channel_and_wait_for_a_response":["Succeeded"]},"type":"ParseJson","inputs":{"content":"@body('Post_an_Adaptive_Card_to_a_Teams_channel_and_wait_for_a_response')","schema":{"type":"object","properties":{"responseTime":{"type":"string"},"responder":{"type":"object","properties":{"objectId":{"type":"string"},"tenantId":{"type":"string"},"email":{"type":"string"},"userPrincipalName":{"type":"string"},"displayName":{"type":"string"}}},"submitActionId":{"type":"string"},"data":{"type":"object","properties":{"teamAadId":{"type":"string"},"id":{"type":"string"},"action":{"type":"string"},"RejectCommentID":{"type":"string"}}}}}}},"Post_an_Adaptive_Card_to_a_Teams_channel_and_wait_for_a_response":{"runAfter":{"GetAppSettings":["Succeeded"]},"metadata":{"flowSystemMetadata":{"swaggerOperationId":"SubscribeChannelFlowContinuation"}},"type":"ApiConnectionWebhook","inputs":{"host":{"connection":{"name":"@parameters('$connections')['shared_teams']['connectionId']"},"api":{"runtimeUrl":"https://unitedstates-002.azure-apim.net/apim/teams"}},"body":{"notificationUrl":"@{listCallbackUrl()}","body":{"recipient":{"channelId":"@{first(body('GetAppSettings')?['value'])?['AdminTeamChannelID']}"},"messageBody":"{\n    \"type\": \"AdaptiveCard\",\n    \"body\": [\n        {\n            \"type\": \"Container\",\n            \"style\": \"emphasis\",\n            \"items\": [\n                {\n                    \"type\": \"ColumnSet\",\n                    \"columns\": [\n                        {\n                            \"type\": \"Column\",\n                            \"items\": [\n                                {\n                                    \"type\": \"TextBlock\",\n                                    \"size\": \"Large\",\n                                    \"weight\": \"Bolder\",\n                                    \"text\": \"**Building Access Request**\"\n                                }\n                            ],\n                            \"width\": \"stretch\"\n                        },\n                        {\n                            \"type\": \"Column\",\n                            \"items\": [\n                                {\n                                    \"type\": \"Image\",\n                                    \"url\": \"https://adaptivecards.io/content/pending.png\",\n                                    \"altText\": \"Pending\",\n                                    \"height\": \"30px\"\n                                }\n                            ],\n                            \"width\": \"auto\"\n                        }\n                    ]\n                }\n            ],\n            \"bleed\": true\n        },\n        {\n            \"type\": \"Container\",\n            \"items\": [\n                {\n                    \"type\": \"ColumnSet\",\n                    \"columns\": [\n                        {\n                            \"type\": \"Column\",\n                            \"items\": [\n                                {\n                                    \"type\": \"TextBlock\",\n                                    \"size\": \"ExtraLarge\",\n                                    \"text\": \"@{triggerBody()?['Title']} | @{triggerBody()?['SpaceName']}\",\n                                    \"wrap\": true,\n                                    \"color\": \"Dark\",\n                                    \"isSubtle\": true\n                                }\n                            ],\n                            \"width\": \"stretch\"\n                        },\n                        {\n                            \"type\": \"Column\",\n                            \"width\": \"auto\"\n                        }\n                    ]\n                }\n            ]\n        },\n        {\n            \"type\": \"ColumnSet\",\n            \"columns\": [\n                {\n                    \"type\": \"Column\",\n                    \"items\": [\n                        {\n                            \"type\": \"TextBlock\",\n                            \"size\": \"Medium\",\n                            \"text\": \"Requested By: \",\n                            \"wrap\": true\n                        }\n                    ],\n                    \"width\": 0\n                },\n                {\n                    \"type\": \"Column\",\n                    \"items\": [\n                        {\n                            \"type\": \"TextBlock\",\n                            \"size\": \"Medium\",\n                            \"text\": \"**@{triggerBody()?['Requestor']?['DisplayName']}**  @{triggerBody()?['Requestor']?['Email']}\",\n                            \"wrap\": true\n                        }\n                    ],\n                    \"width\": \"stretch\"\n                }\n            ]\n        },\n        {\n            \"type\": \"ColumnSet\",\n            \"columns\": [\n                {\n                    \"type\": \"Column\",\n                    \"items\": [\n                        {\n                            \"type\": \"TextBlock\",\n                            \"size\": \"Medium\",\n                            \"text\": \"Submitted On:\",\n                            \"wrap\": true\n                        }\n                    ],\n                    \"width\": 0\n                },\n                {\n                    \"type\": \"Column\",\n                    \"items\": [\n                        {\n                            \"type\": \"TextBlock\",\n                            \"size\": \"Medium\",\n                            \"text\": \"@{triggerBody()?['Created']}\",\n                            \"wrap\": true\n                        }\n                    ],\n                    \"width\": \"stretch\"\n                }\n            ]\n        },\n        {\n            \"type\": \"ColumnSet\",\n            \"columns\": [\n                {\n                    \"type\": \"Column\",\n                    \"items\": [\n                        {\n                            \"type\": \"TextBlock\",\n                            \"size\": \"Medium\",\n                            \"text\": \"Request date:\",\n                            \"wrap\": true\n                        }\n                    ],\n                    \"width\": 0\n                },\n                {\n                    \"type\": \"Column\",\n                    \"items\": [\n                        {\n                            \"type\": \"TextBlock\",\n                            \"size\": \"Medium\",\n                            \"text\": \"@{triggerBody()?['RequestDate']}\",\n                            \"wrap\": true\n                        }\n                    ],\n                    \"width\": \"stretch\"\n                }\n            ]\n        },\n        {\n            \"type\": \"ColumnSet\",\n            \"columns\": [\n                {\n                    \"type\": \"Column\",\n                    \"items\": [\n                        {\n                            \"type\": \"TextBlock\",\n                            \"size\": \"Medium\",\n                            \"text\": \"Building:\",\n                            \"wrap\": true\n                        }\n                    ],\n                    \"width\": 0\n                },\n                {\n                    \"type\": \"Column\",\n                    \"items\": [\n                        {\n                            \"type\": \"TextBlock\",\n                            \"size\": \"Medium\",\n                            \"text\": \"@{triggerBody()?['Title']}\",\n                            \"wrap\": true\n                        }\n                    ],\n                    \"width\": \"stretch\"\n                }\n            ]\n        },\n        {\n            \"type\": \"ColumnSet\",\n            \"columns\": [\n                {\n                    \"type\": \"Column\",\n                    \"items\": [\n                        {\n                            \"type\": \"TextBlock\",\n                            \"size\": \"Medium\",\n                            \"text\": \"Space:\",\n                            \"wrap\": true\n                        }\n                    ],\n                    \"width\": 0\n                },\n                {\n                    \"type\": \"Column\",\n                    \"items\": [\n                        {\n                            \"type\": \"TextBlock\",\n                            \"size\": \"Medium\",\n                            \"text\": \"@{triggerBody()?['SpaceName']}\",\n                            \"wrap\": true\n                        }\n                    ],\n                    \"width\": \"stretch\"\n                }\n            ]\n        },\n        {\n            \"type\": \"ColumnSet\",\n            \"columns\": [\n                {\n                    \"type\": \"Column\",\n                    \"items\": [\n                        {\n                            \"type\": \"TextBlock\",\n                            \"size\": \"Medium\",\n                            \"text\": \"Time slot:\",\n                            \"wrap\": true\n                        }\n                    ],\n                    \"width\": 0\n                },\n                {\n                    \"type\": \"Column\",\n                    \"items\": [\n                        {\n                            \"type\": \"TextBlock\",\n                            \"size\": \"Medium\",\n                            \"text\": \"@{triggerBody()?['TimeSlot']}\",\n                            \"wrap\": true\n                        }\n                    ],\n                    \"width\": \"stretch\"\n                }\n            ]\n        },\n        {\n            \"type\": \"ColumnSet\",\n            \"columns\": [\n                {\n                    \"type\": \"Column\",\n                    \"items\": [\n                        {\n                            \"type\": \"TextBlock\",\n                            \"size\": \"Medium\",\n                            \"text\": \"Reason:\",\n                            \"wrap\": true\n                        }\n                    ],\n                    \"width\": 0\n                },\n                {\n                    \"type\": \"Column\",\n                    \"items\": [\n                        {\n                            \"type\": \"TextBlock\",\n                            \"size\": \"Medium\",\n                            \"text\": \"@{triggerBody()?['RequestReason']}\",\n                            \"wrap\": true\n                        }\n                    ],\n                    \"width\": \"stretch\"\n                }\n            ]\n        },\n        {\n            \"type\": \"Container\",\n            \"items\": [\n                {\n                    \"type\": \"ActionSet\",\n                    \"actions\": [\n                        {\n                            \"type\": \"Action.OpenUrl\",\n                            \"title\": \"Chat\",\n                            \"url\": \"https://teams.microsoft.com/l/chat/0/0?users=@{triggerBody()?['Requestor']?['Email']}\"\n                        },\n                        {\n                            \"type\": \"Action.Submit\",\n                            \"title\": \"Approve\",\n                            \"style\": \"positive\",\n                            \"data\": {\n                                \"id\": \"_qkQW8dJlUeLVi7ZMEzYVw\",\n                                \"action\": \"approve\"\n                            }\n                        },\n                        {\n                            \"type\": \"Action.ShowCard\",\n                            \"title\": \"Reject\",\n                            \"style\": \"destructive\",\n                            \"card\": {\n                                \"type\": \"AdaptiveCard\",\n                                \"body\": [\n                                    {\n                                        \"type\": \"Input.Text\",\n                                        \"id\": \"RejectCommentID\",\n                                        \"placeholder\": \"Please specify an appropriate reason for rejection.\",\n                                        \"isMultiline\": true\n                                    }\n                                ],\n                                \"actions\": [\n                                    {\n                                        \"type\": \"Action.Submit\",\n                                        \"title\": \"Send\",\n                                        \"data\": {\n                                            \"id\": \"_qkQW8dJlUeLVi7ZMEzYVw\",\n                                            \"action\": \"reject\"\n                                        }\n                                    }\n                                ],\n                                \"$schema\": \"http://adaptivecards.io/schemas/adaptive-card.json\"\n                            }\n                        }\n                    ]\n                }\n            ]\n        }\n    ],\n    \"$schema\": \"http://adaptivecards.io/schemas/adaptive-card.json\",\n    \"version\": \"1.2\",\n    \"fallbackText\": \"This card requires Adaptive Cards v1.2 support to be rendered properly.\"\n}","shouldUpdateCard":true}},"path":"/flowbot/actions/flowcontinuation/recipienttypes/channel/$subscriptions","queries":{"groupId":"@{first(body('GetAppSettings')?['value'])?['AdminTeamsID']}"},"authentication":"@parameters('$authentication')"}}}},"expression":{"not":{"equals":["@triggerBody()?['Approver']?['Email']","@null"]}},"type":"If"},"Get_items":{"runAfter":{},"metadata":{"flowSystemMetadata":{"swaggerOperationId":"GetItems"}},"type":"ApiConnection","inputs":{"host":{"connection":{"name":"@parameters('$connections')['shared_sharepointonline']['connectionId']"},"api":{"runtimeUrl":"https://unitedstates-002.azure-apim.net/apim/sharepointonline"}},"method":"get","path":"/datasets/@{encodeURIComponent(encodeURIComponent('https://m365x931183.sharepoint.com/sites/BuildingAccessSite'))}/tables/@{encodeURIComponent(encodeURIComponent('d9f00e1c-64fe-4c3e-880b-9c762a33f478'))}/items","queries":{"$filter":"ID eq '@{triggerBody()?['ID']}'  and Status eq 'Pending Approval'"},"authentication":"@parameters('$authentication')"}},"Initialize_variable":{"runAfter":{"CheckIfApproverNameExists":["Succeeded"]},"type":"InitializeVariable","inputs":{"variables":[{"name":"xyz","type":"boolean","value":true}]}}},"outputs":{}},"connectionReferences":{"shared_sharepointonline":{"connectionName":"1ff2b164e54f4c98bcd13d4278032a66","source":"Embedded","id":"/providers/Microsoft.PowerApps/apis/shared_sharepointonline","tier":"NotSpecified"},"shared_teams":{"connectionName":"shared-teams-0852ffa5-8b0e-4f6c-ba6c-c70f27f65d0c","source":"Embedded","id":"/providers/Microsoft.PowerApps/apis/shared_teams","tier":"NotSpecified"}},"flowFailureAlertSubscribed":false}}