{"schemaVersion":"1.0","appDefinitionTemplate":{"id":"/providers/Microsoft.PowerApps/apps/","type":"Microsoft.PowerApps/apps","tags":{"primaryDeviceWidth":"640","primaryDeviceHeight":"1136","sienaVersion":"20201201T083547Z-3.20111.52.0","deviceCapabilities":"","supportsPortrait":"true","supportsLandscape":"false","primaryFormFactor":"Phone","publisherVersion":"3.20111.52","minimumRequiredApiVersion":"2.2.0","hasComponent":"true","hasUnlockedComponent":"true","isUnifiedRootApp":"false"},"properties":{"appVersion":"2020-12-01T08:35:47Z","lifeCycleId":"Published","createdByClientVersion":{"major":3,"minor":20111,"build":52,"revision":0,"majorRevision":0,"minorRevision":0},"minClientVersion":{"major":3,"minor":20111,"build":52,"revision":0,"majorRevision":0,"minorRevision":0},"backgroundColor":"rgba(0, 138, 0, 1)","backgroundImageUri":"/17946088174894070488/N4806e34d-b85f-401b-a5c2-6df8034c1ca2-logoSmallFile","displayName":"Building Access","description":"","commitMessage":"","appUris":{"documentUri":{"value":"/17946088174894070488/N3be7bcfe-bfb8-47fc-8313-ab6ac234f7e2-document.msapp"},"imageUris":[]},"createdTime":"0001-01-01T00:00:00Z","lastModifiedTime":"0001-01-01T00:00:00Z","sharedGroupsCount":0,"sharedUsersCount":0,"icons":{"smallIconUri":"/17946088174894070488/Nb633536e-9962-4ac6-90c7-be200ce004b5-small.png","mediumIconUri":"/17946088174894070488/Nebf7b099-5b74-4f51-b81c-387839d83961-medium.png","largeIconUri":"/17946088174894070488/Nb4847748-74f3-43c4-a3b8-e0d61093e734-large.png","wideIconUri":"/17946088174894070488/Nb16a4849-f43e-4cd2-8735-27f2c89a1c45-wide.png"},"connectionReferences":{"a85136af-8df5-414d-87dc-5e905e932008":{"id":"85b545a6-53c5-4d8b-a371-49e0dbeacbae","displayName":"Office 365 Users","iconUri":"https://connectoricons-prod.azureedge.net/releases/v1.0.1411/1.0.1411.2206/office365users/icon.png","dataSources":["Office365Users"],"dependencies":[],"dependents":["8f952a1f-3e52-4568-9d0b-f0f21e40c64b"],"parameterHints":{},"isOnPremiseConnection":false,"dataSets":{},"apiTier":"Standard","isCustomApiConnection":false,"actions":["MyProfileV2","UserProfileV2","UserProfile","ManagerV2","SearchUser"]},"f7e9b7d0-887b-409e-aa31-cadb387f0d03":{"id":"8130f193-7a6c-4df2-af6c-1ba555ca082e","displayName":"SharePoint","iconUri":"https://connectoricons-prod.azureedge.net/releases/v1.0.1416/1.0.1416.2233/sharepointonline/icon.png","dataSources":["BAR_AppSettings","BAR_Buildings","BAR_KeyQuestionAnswers","BAR_KeyQuestions","BAR_LogosAssets","BAR_Requests","BAR_SafetyPrecautions","BAR_TimeSlots","BAR_Spaces"],"dependencies":[],"dependents":[],"parameterHints":{},"isOnPremiseConnection":false,"dataSets":{"https://m365x931183.sharepoint.com/sites/BuildingAccessSite":{"dataSources":{"BAR_AppSettings":{"tableName":"804e7f8e-5ba1-4c50-bb0b-f545d7391911"},"BAR_Buildings":{"tableName":"bf50e6b1-ee6e-4d47-af7c-f5ad26f6490b"},"BAR_KeyQuestionAnswers":{"tableName":"85fb09a8-0c1a-40eb-9525-966d7cfca26b"},"BAR_KeyQuestions":{"tableName":"a7358af0-e641-4af0-a271-837bde464bef"},"BAR_LogosAssets":{"tableName":"5fb27c65-267e-4baf-bda5-1d7320634bef"},"BAR_Requests":{"tableName":"d9f00e1c-64fe-4c3e-880b-9c762a33f478"},"BAR_SafetyPrecautions":{"tableName":"8953b923-f1eb-4eab-a4a1-bac2bb453e16"},"BAR_TimeSlots":{"tableName":"534d6ec2-9f81-4ae3-9a40-a051e034b72d"}}}},"apiTier":"Standard","isCustomApiConnection":false},"bd9ebf67-dff0-4935-b8ae-51ce0049e57e":{"id":"8130f193-7a6c-4df2-af6c-1ba555ca082e","displayName":"SharePoint","iconUri":"https://connectoricons-prod.azureedge.net/releases/v1.0.1416/1.0.1416.2233/sharepointonline/icon.png","dataSources":["BAR_Spaces"],"dependencies":[],"dependents":["8f952a1f-3e52-4568-9d0b-f0f21e40c64b"],"parameterHints":{},"isOnPremiseConnection":false,"dataSets":{"https://m365x931183.sharepoint.com/sites/BuildingAccessSite":{"dataSources":{"BAR_Spaces":{"tableName":"8d6a62fe-5713-4103-84cb-00975624a5a9"}}}},"apiTier":"Standard","isCustomApiConnection":false},"8f952a1f-3e52-4568-9d0b-f0f21e40c64b":{"id":"8028ca5b-af5e-462f-9bd8-416b31285bb4","displayName":"Logic flows","iconUri":"https://resourcestackdeploy.blob.core.windows.net/scripts/13276078.png","dataSources":["BARCreateRequests"],"dependencies":["a85136af-8df5-414d-87dc-5e905e932008","bd9ebf67-dff0-4935-b8ae-51ce0049e57e"],"dependents":[],"parameterHints":{"workflowName":{"value":"9b75a16c-445f-4093-bf45-300f7d0496ca"},"a85136af-8df5-414d-87dc-5e905e932008":{"value":"shared_office365users_1"},"bd9ebf67-dff0-4935-b8ae-51ce0049e57e":{"value":"shared_sharepointonline_1"}},"isOnPremiseConnection":false,"dataSets":{},"apiTier":"Standard","isCustomApiConnection":false,"actions":["Run"]}},"databaseReferences":{},"almMode":"Environment","performanceOptimizationEnabled":true,"canConsumeAppPass":true,"executionRestrictions":{"isTeamsOnly":false,"dataLossPreventionEvaluationResult":{"status":"Compliant","lastEvaluationDate":"2020-12-01T08:35:57.8580851Z","violationDetails":[]}}},"isAppComponentLibrary":false,"appType":"ClassicCanvasApp","appComponents":[]}}