{"schemaVersion":"1.0","appDefinitionTemplate":{"id":"/providers/Microsoft.PowerApps/apps/","type":"Microsoft.PowerApps/apps","tags":{"primaryDeviceWidth":"640","primaryDeviceHeight":"1136","sienaVersion":"a02945c8-e205-4d06-a2c5-49096a8eae0d","deviceCapabilities":"","supportsPortrait":"true","supportsLandscape":"false","primaryFormFactor":"Phone","publisherVersion":"3.20092.39","minimumRequiredApiVersion":"2.2.0","hasComponent":"true","hasUnlockedComponent":"true","isUnifiedRootApp":"false"},"properties":{"appVersion":"2020-10-09T12:02:44Z","lifeCycleId":"Published","createdByClientVersion":{"major":3,"minor":20092,"build":39,"revision":0,"majorRevision":0,"minorRevision":0},"minClientVersion":{"major":3,"minor":20092,"build":39,"revision":0,"majorRevision":0,"minorRevision":0},"backgroundColor":"rgba(0, 138, 0, 1)","backgroundImageUri":"/5882495562341407638/N5166b96f-68be-41b1-9ab8-1d3dbc2066bb-logoSmallFile","displayName":"Building   Access","description":"","commitMessage":"","appUris":{"documentUri":{"value":"/5882495562341407638/N1dbb15de-fb49-48ee-a283-0b48ad44be9a-document.msapp","readonlyValue":"/5882495562341407638/N1dbb15de-fb49-48ee-a283-0b48ad44be9a-document.msapp"},"imageUris":[]},"createdTime":"0001-01-01T00:00:00Z","lastModifiedTime":"0001-01-01T00:00:00Z","sharedGroupsCount":0,"sharedUsersCount":0,"icons":{"smallIconUri":"/5882495562341407638/N1b0500c3-3b0e-464b-a318-c4274c2a9911-small.png","mediumIconUri":"/5882495562341407638/N1eb19ec9-eb27-4c77-9c0a-f95907bd3870-medium.png","largeIconUri":"/5882495562341407638/Nbb8f48a5-dc32-4a06-b0c6-f8fbc18d99d6-large.png","wideIconUri":"/5882495562341407638/N2d522df7-1252-4b44-b210-aa971609ba7f-wide.png"},"connectionReferences":{"a85136af-8df5-414d-87dc-5e905e932008":{"id":"85b545a6-53c5-4d8b-a371-49e0dbeacbae","displayName":"Office 365 Users","iconUri":"https://connectoricons-prod.azureedge.net/releases/v1.0.1402/1.0.1402.2163/office365users/icon.png","dataSources":["Office365Users"],"dependencies":[],"dependents":["8f952a1f-3e52-4568-9d0b-f0f21e40c64b"],"parameterHints":{},"isOnPremiseConnection":false,"bypassConsent":false,"dataSets":{},"apiTier":"Standard","isCustomApiConnection":false},"f7e9b7d0-887b-409e-aa31-cadb387f0d03":{"id":"8130f193-7a6c-4df2-af6c-1ba555ca082e","displayName":"SharePoint","iconUri":"https://connectoricons-prod.azureedge.net/releases/v1.0.1398/1.0.1398.2149/sharepointonline/icon.png","dataSources":["BAR_AppSettings","BAR_Buildings","BAR_KeyQuestionAnswers","BAR_KeyQuestions","BAR_LogosAssets","BAR_Requests","BAR_SafetyPrecautions","BAR_TimeSlots"],"dependencies":[],"dependents":[],"parameterHints":{},"isOnPremiseConnection":false,"bypassConsent":false,"dataSets":{"https://m365x931183.sharepoint.com/sites/BuildingAccessSite":{"dataSources":{"BAR_AppSettings":{"tableName":"804e7f8e-5ba1-4c50-bb0b-f545d7391911"},"BAR_Buildings":{"tableName":"bf50e6b1-ee6e-4d47-af7c-f5ad26f6490b"},"BAR_KeyQuestionAnswers":{"tableName":"85fb09a8-0c1a-40eb-9525-966d7cfca26b"},"BAR_KeyQuestions":{"tableName":"a7358af0-e641-4af0-a271-837bde464bef"},"BAR_LogosAssets":{"tableName":"5fb27c65-267e-4baf-bda5-1d7320634bef"},"BAR_Requests":{"tableName":"d9f00e1c-64fe-4c3e-880b-9c762a33f478"},"BAR_SafetyPrecautions":{"tableName":"8953b923-f1eb-4eab-a4a1-bac2bb453e16"},"BAR_TimeSlots":{"tableName":"534d6ec2-9f81-4ae3-9a40-a051e034b72d"}}}},"apiTier":"Standard","isCustomApiConnection":false},"bd9ebf67-dff0-4935-b8ae-51ce0049e57e":{"id":"8130f193-7a6c-4df2-af6c-1ba555ca082e","displayName":"SharePoint","iconUri":"https://connectoricons-prod.azureedge.net/releases/v1.0.1398/1.0.1398.2149/sharepointonline/icon.png","dataSources":["BAR_Spaces"],"dependencies":[],"dependents":["8f952a1f-3e52-4568-9d0b-f0f21e40c64b"],"parameterHints":{},"isOnPremiseConnection":false,"bypassConsent":false,"dataSets":{"https://m365x931183.sharepoint.com/sites/BuildingAccessSite":{"dataSources":{"BAR_Spaces":{"tableName":"8d6a62fe-5713-4103-84cb-00975624a5a9"}}}},"apiTier":"Standard","isCustomApiConnection":false},"8f952a1f-3e52-4568-9d0b-f0f21e40c64b":{"id":"8028ca5b-af5e-462f-9bd8-416b31285bb4","displayName":"Logic flows","iconUri":"https://resourcestackdeploy.blob.core.windows.net/scripts/13276078.png","dataSources":["BARCreateRequests"],"dependencies":["a85136af-8df5-414d-87dc-5e905e932008","bd9ebf67-dff0-4935-b8ae-51ce0049e57e"],"dependents":[],"parameterHints":{"workflowName":{"value":"9b75a16c-445f-4093-bf45-300f7d0496ca"},"a85136af-8df5-414d-87dc-5e905e932008":{"value":"shared_office365users_1"},"bd9ebf67-dff0-4935-b8ae-51ce0049e57e":{"value":"shared_sharepointonline_1"}},"isOnPremiseConnection":false,"bypassConsent":false,"dataSets":{},"apiTier":"Standard","isCustomApiConnection":false}},"databaseReferences":{},"almMode":"Environment","performanceOptimizationEnabled":true,"canConsumeAppPass":true},"isAppComponentLibrary":false,"appType":"ClassicCanvasApp","appComponents":[]}}