{"name":"a4583655-563e-488b-a376-89efe4537534","id":"/providers/Microsoft.Flow/flows/a4583655-563e-488b-a376-89efe4537534","type":"Microsoft.Flow/flows","properties":{"apiId":"/providers/Microsoft.PowerApps/apis/shared_logicflows","displayName":"BARCalendarReservation","definition":{"metadata":{"workflowEntityId":null,"flowclientsuspensionreason":"None","flowclientsuspensiontime":null,"creator":{"id":"f87a02c9-09c4-4dbe-aff4-8bfa0c3ec16f","type":"User","tenantId":"890c4e6f-46fc-4674-9350-3d8cf21fe8d3"},"provisioningMethod":"FromDefinition","failureAlertSubscription":true,"clientLastModifiedTime":"2020-09-24T14:02:47.2609724Z"},"$schema":"https://schema.management.azure.com/providers/Microsoft.Logic/schemas/2016-06-01/workflowdefinition.json#","contentVersion":"1.0.0.0","parameters":{"$connections":{"defaultValue":{},"type":"Object"},"$authentication":{"defaultValue":{},"type":"SecureObject"}},"triggers":{"When_an_item_is_created_or_modified":{"recurrence":{"frequency":"Minute","interval":5},"splitOn":"@triggerOutputs()?['body/value']","type":"OpenApiConnection","inputs":{"host":{"apiId":"/providers/Microsoft.PowerApps/apis/shared_sharepointonline","connectionName":"shared_sharepointonline_1","operationId":"GetOnUpdatedItems"},"parameters":{"dataset":"https://m365x931183.sharepoint.com/sites/BuildingAccessSite","table":"d9f00e1c-64fe-4c3e-880b-9c762a33f478"},"authentication":"@parameters('$authentication')"},"conditions":[{"expression":"@equals(triggerBody()?['Status']?['Value'],'Approved')"}]}},"actions":{"Convert_time_zone":{"runAfter":{},"type":"Expression","kind":"ConvertTimeZone","inputs":{"baseTime":"@triggerOutputs()?['body/RequestDate']","formatString":"yyyy-MM-dd","sourceTimeZone":"India Standard Time","destinationTimeZone":"India Standard Time"}},"Initialize_variable":{"runAfter":{"Convert_time_zone_2":["Succeeded"]},"type":"InitializeVariable","inputs":{"variables":[{"name":"Url","type":"string","value":"Concatenate(\"https://chart.googleapis.com/chart?cht=qr&chl=\",Text(@{triggerOutputs()?['body/AccessKey']}) ,\"&chs=\",Text( QRCode.QRHeight),\"x\" ,  Text( QRCode.QRWidth))"}]}},"Initialize_variable_2":{"runAfter":{"Initialize_variable":["Succeeded"]},"type":"InitializeVariable","inputs":{"variables":[{"name":"uriPath","type":"string","value":"https://chart.googleapis.com/chart?cht=qr&chl=@{triggerOutputs()?['body/AccessKey']}&chs=200x200"}]}},"Get_calendars_(V2)":{"runAfter":{"Initialize_variable_2":["Succeeded"]},"type":"OpenApiConnection","inputs":{"host":{"apiId":"/providers/Microsoft.PowerApps/apis/shared_office365","connectionName":"shared_office365","operationId":"CalendarGetTables_V2"},"parameters":{},"authentication":"@parameters('$authentication')"}},"Create_event_(V4)":{"runAfter":{"Compose":["Succeeded"]},"type":"OpenApiConnection","inputs":{"host":{"apiId":"/providers/Microsoft.PowerApps/apis/shared_office365","connectionName":"shared_office365","operationId":"V4CalendarPostItem"},"parameters":{"table":"AAMkADQ5ZGNiN2E1LTQ2MTEtNDU5Ny1iZTQ4LWYyYmZlMjhmMGVmYQBGAAAAAAA7CbXq2wenSrhGFFqwWTPrBwDVwaamgnF_QJysMhsZGnPDAAAAAAEGAADVwaamgnF_QJysMhsZGnPDAAAAAEJZAAA=","item/subject":"Building Request Access","item/start":"@body('Convert_time_zone')","item/end":"@body('Convert_time_zone_2')","item/timeZone":"(UTC+05:30) Chennai, Kolkata, Mumbai, New Delhi","item/requiredAttendees":"@triggerOutputs()?['body/Requestor/Email']","item/body":"<h6>Access code : @{triggerOutputs()?['body/AccessKey']} </h6>\n<img src=@{variables('uriPath')} alt=\"\" title=\"\" />\n<h6>Request for : @{triggerOutputs()?['body/RequestDate']} </h6>\n<h6>Building name : @{triggerOutputs()?['body/Title']} </h6>\n<h6>Space : @{triggerOutputs()?['body/SpaceName']} </h6>\n<h6>Time slot : @{triggerOutputs()?['body/TimeSlot']} </h6>\n<h6>Request status : @{triggerOutputs()?['body/Status/Value']} </h6>\n<h6>Approver : @{triggerOutputs()?['body/ApproverNameText']} </h6>\n<h6>Business reason : @{triggerOutputs()?['body/RequestReason']} </h6>\n<h6>Check-in status : @{triggerOutputs()?['body/CheckIn_x0020_Status/Value']} </h6>"},"authentication":"@parameters('$authentication')"}},"Convert_time_zone_2":{"runAfter":{"Convert_time_zone":["Succeeded"]},"type":"Expression","kind":"ConvertTimeZone","inputs":{"baseTime":"@{addDays(body('Convert_time_zone'),1)}","formatString":"yyyy-MM-dd","sourceTimeZone":"India Standard Time","destinationTimeZone":"India Standard Time"}},"Parse_JSON":{"runAfter":{"Get_calendars_(V2)":["Succeeded"]},"type":"ParseJson","inputs":{"content":"@outputs('Get_calendars_(V2)')?['body/value']","schema":{"type":"array","items":{"type":"object","properties":{"id":{"type":"string"},"name":{"type":"string"},"color":{"type":"string"},"changeKey":{"type":"string"},"canShare":{"type":"boolean"},"canViewPrivateItems":{"type":"boolean"},"canEdit":{"type":"boolean"},"allowedOnlineMeetingProviders":{"type":"array","items":{"type":"string"}},"defaultOnlineMeetingProvider":{"type":"string"},"isTallyingResponses":{"type":"boolean"},"isRemovable":{"type":"boolean"},"owner":{"type":"object","properties":{"name":{"type":"string"},"address":{"type":"string"}}}},"required":["id","name","color","changeKey","canShare","canViewPrivateItems","canEdit","allowedOnlineMeetingProviders","defaultOnlineMeetingProvider","isTallyingResponses","isRemovable","owner"]}}}},"Compose":{"runAfter":{"Parse_JSON":["Succeeded"]},"type":"Compose","inputs":"@body('Parse_JSON')[0]['id']"}}},"connectionReferences":{"shared_office365":{"connectionName":"shared-office365-45976e08-0421-4bff-838b-e8aeb7bf6cca","source":"Embedded","id":"/providers/Microsoft.PowerApps/apis/shared_office365","tier":"NotSpecified"},"shared_sharepointonline_1":{"connectionName":"df117b70aa0946cfae5a04885d5f0ae8","source":"Embedded","id":"/providers/Microsoft.PowerApps/apis/shared_sharepointonline","tier":"NotSpecified"}},"flowFailureAlertSubscribed":false}}