{"name":"a4583655-563e-488b-a376-89efe4537534","id":"/providers/Microsoft.Flow/flows/a4583655-563e-488b-a376-89efe4537534","type":"Microsoft.Flow/flows","properties":{"apiId":"/providers/Microsoft.PowerApps/apis/shared_logicflows","displayName":"BARCalendarReservation","definition":{"metadata":{"workflowEntityId":null,"flowclientsuspensionreason":"None","flowclientsuspensiontime":null,"creator":{"id":"f87a02c9-09c4-4dbe-aff4-8bfa0c3ec16f","type":"User","tenantId":"890c4e6f-46fc-4674-9350-3d8cf21fe8d3"},"provisioningMethod":"FromDefinition","failureAlertSubscription":true,"clientLastModifiedTime":"2020-11-24T05:17:44.9813994Z"},"$schema":"https://schema.management.azure.com/providers/Microsoft.Logic/schemas/2016-06-01/workflowdefinition.json#","contentVersion":"1.0.0.0","parameters":{"$connections":{"defaultValue":{},"type":"Object"},"$authentication":{"defaultValue":{},"type":"SecureObject"}},"triggers":{"When_an_item_is_created_or_modified":{"recurrence":{"frequency":"Minute","interval":5},"splitOn":"@triggerOutputs()?['body/value']","type":"OpenApiConnection","inputs":{"host":{"apiId":"/providers/Microsoft.PowerApps/apis/shared_sharepointonline","connectionName":"shared_sharepointonline_1","operationId":"GetOnUpdatedItems"},"parameters":{"dataset":"https://m365x931183.sharepoint.com/sites/BuildingAccessSite","table":"d9f00e1c-64fe-4c3e-880b-9c762a33f478"},"authentication":"@parameters('$authentication')"},"conditions":[{"expression":"@and(equals(triggerBody()?['Status']?['Value'],'Approved'),equals(triggerBody()?['Active'],1))"}]}},"actions":{"Convert_time_zone":{"runAfter":{},"type":"Expression","kind":"ConvertTimeZone","inputs":{"baseTime":"@triggerOutputs()?['body/RequestDate']","formatString":"yyyy-MM-dd","sourceTimeZone":"India Standard Time","destinationTimeZone":"India Standard Time"}},"Initialize_variable":{"runAfter":{"Convert_time_zone_2":["Succeeded"]},"type":"InitializeVariable","inputs":{"variables":[{"name":"Url","type":"string","value":"Concatenate(\"https://chart.googleapis.com/chart?cht=qr&chl=\",Text(@{triggerOutputs()?['body/AccessKey']}) ,\"&chs=\",Text( QRCode.QRHeight),\"x\" ,  Text( QRCode.QRWidth))"}]}},"Initialize_variable_2":{"runAfter":{"Initialize_variable":["Succeeded"]},"type":"InitializeVariable","inputs":{"variables":[{"name":"uriPath","type":"string","value":"https://chart.googleapis.com/chart?cht=qr&chl=@{triggerOutputs()?['body/AccessKey']}&chs=200x200"}]}},"Get_calendars_(V2)":{"runAfter":{"Initialize_variable_3":["Succeeded"]},"type":"OpenApiConnection","inputs":{"host":{"apiId":"/providers/Microsoft.PowerApps/apis/shared_office365","connectionName":"shared_office365","operationId":"CalendarGetTables_V2"},"parameters":{},"authentication":"@parameters('$authentication')"}},"Convert_time_zone_2":{"runAfter":{"Convert_time_zone":["Succeeded"]},"type":"Expression","kind":"ConvertTimeZone","inputs":{"baseTime":"@{addDays(body('Convert_time_zone'),1)}","formatString":"yyyy-MM-dd","sourceTimeZone":"India Standard Time","destinationTimeZone":"India Standard Time"}},"Condition":{"actions":{"Apply_to_each":{"foreach":"@outputs('Get_calendars_(V2)')?['body/value']","actions":{"Condition_2":{"actions":{"Compose_2":{"runAfter":{},"type":"Compose","inputs":"@items('Apply_to_each')?['id']"},"Create_event_(V4)":{"runAfter":{"Compose_2":["Succeeded"]},"type":"OpenApiConnection","inputs":{"host":{"apiId":"/providers/Microsoft.PowerApps/apis/shared_office365","connectionName":"shared_office365","operationId":"V4CalendarPostItem"},"parameters":{"table":"@outputs('Compose_2')","item/subject":"Building Request Access","item/start":"@body('Convert_time_zone')","item/end":"@body('Convert_time_zone_2')","item/timeZone":"(UTC+05:30) Chennai, Kolkata, Mumbai, New Delhi","item/requiredAttendees":"@triggerOutputs()?['body/Requestor/Email']","item/body":"<h6>Access code : @{triggerOutputs()?['body/AccessKey']} </h6>\n<img src=@{variables('uriPath')} alt=\"\" title=\"\" />\n<h6>Request for : @{triggerOutputs()?['body/RequestDate']} </h6>\n<h6>Building name : @{triggerOutputs()?['body/Title']} </h6>\n<h6>Space : @{triggerOutputs()?['body/SpaceName']} </h6>\n<h6>Time slot : @{triggerOutputs()?['body/TimeSlot']} </h6>\n<h6>Request status : @{triggerOutputs()?['body/Status/Value']} </h6>\n<h6>Approver : @{triggerOutputs()?['body/ApproverNameText']} </h6>\n<h6>Business reason : @{triggerOutputs()?['body/RequestReason']} </h6>\n<h6>Check-in status : @{triggerOutputs()?['body/CheckIn_x0020_Status/Value']} </h6>"},"authentication":"@parameters('$authentication')"}}},"runAfter":{},"expression":{"contains":["@items('Apply_to_each')?['name']","Calendar"]},"type":"If"}},"runAfter":{},"type":"Foreach"}},"runAfter":{"Get_calendars_(V2)":["Succeeded"]},"expression":{"equals":["@triggerOutputs()?['body/CheckIn_x0020_Status/Value']","@null"]},"type":"If"},"Initialize_variable_3":{"runAfter":{"Initialize_variable_2":["Succeeded"]},"type":"InitializeVariable","inputs":{"variables":[{"name":"NumbervalueCheck","type":"integer","value":1}]}}}},"connectionReferences":{"shared_office365":{"connectionName":"shared-office365-45976e08-0421-4bff-838b-e8aeb7bf6cca","source":"Embedded","id":"/providers/Microsoft.PowerApps/apis/shared_office365","tier":"NotSpecified"},"shared_sharepointonline_1":{"connectionName":"df117b70aa0946cfae5a04885d5f0ae8","source":"Embedded","id":"/providers/Microsoft.PowerApps/apis/shared_sharepointonline","tier":"NotSpecified"}},"flowFailureAlertSubscribed":false}}