{"schemaVersion":"1.0","appDefinitionTemplate":{"id":"/providers/Microsoft.PowerApps/apps/","type":"Microsoft.PowerApps/apps","tags":{"primaryDeviceWidth":"640","primaryDeviceHeight":"1136","sienaVersion":"20200707T204756Z-3.20064.22.0","deviceCapabilities":"","supportsPortrait":"true","supportsLandscape":"false","primaryFormFactor":"Phone","publisherVersion":"3.20064.22","minimumRequiredApiVersion":"2.2.0","hasComponent":"true","hasUnlockedComponent":"true","isUnifiedRootApp":"false"},"properties":{"appVersion":"2020-07-07T20:47:56Z","lifeCycleId":"Published","createdByClientVersion":{"major":3,"minor":20064,"build":22,"revision":0,"majorRevision":0,"minorRevision":0},"minClientVersion":{"major":3,"minor":20064,"build":22,"revision":0,"majorRevision":0,"minorRevision":0},"backgroundColor":"rgba(0, 138, 0, 1)","backgroundImageUri":"/6655996033297635393/N58a50746-02d0-4b57-80c5-72ac1c753dd2-logoSmallFile","displayName":"Building Access","description":"","commitMessage":"","appUris":{"documentUri":{"value":"/6655996033297635393/Nc5004762-d716-49ea-b5b5-b0d02f9bed47-document.msapp","readonlyValue":"/6655996033297635393/Nc5004762-d716-49ea-b5b5-b0d02f9bed47-document.msapp"},"imageUris":[]},"createdTime":"0001-01-01T00:00:00Z","lastModifiedTime":"0001-01-01T00:00:00Z","sharedGroupsCount":0,"sharedUsersCount":0,"icons":{"smallIconUri":"/6655996033297635393/Nfec668ac-bed9-45d6-9b67-6d1682eef3ca-small.png","mediumIconUri":"/6655996033297635393/N08a9ce1c-af3b-4a04-82cf-0177e3cf0796-medium.png","largeIconUri":"/6655996033297635393/N840abeb1-4338-4a31-ad4d-8477b5afd41e-large.png","wideIconUri":"/6655996033297635393/N2fbcdfe7-e8f0-404d-a67a-e507099918e5-wide.png"},"connectionReferences":{"a85136af-8df5-414d-87dc-5e905e932008":{"id":"e83b0307-31db-4118-ac7c-7baca36523cd","displayName":"Office 365 Users","iconUri":"https://connectoricons-prod.azureedge.net/office365users/icon_1.0.1357.2029.png","dataSources":["Office365Users"],"dependencies":[],"dependents":["0ef446f1-3d72-4bd0-9775-9973f1b8bc1e"],"parameterHints":{},"isOnPremiseConnection":false,"bypassConsent":false,"dataSets":{},"apiTier":"Standard","isCustomApiConnection":false},"f7e9b7d0-887b-409e-aa31-cadb387f0d03":{"id":"b1bd58ca-da9a-49ec-ab1b-f270bfdc97dc","displayName":"SharePoint","iconUri":"https://connectoricons-prod.azureedge.net/sharepointonline/icon_1.0.1363.2042.png","dataSources":["BAR_AppSettings","BAR_Buildings","BAR_KeyQuestionAnswers","BAR_KeyQuestions","BAR_LogosAssets","BAR_Requests","BAR_SafetyPrecautions","BAR_Spaces"],"dependencies":[],"dependents":["0ef446f1-3d72-4bd0-9775-9973f1b8bc1e"],"parameterHints":{},"isOnPremiseConnection":false,"bypassConsent":false,"dataSets":{"https://crm184039.sharepoint.com/sites/BAR":{"dataSources":{"BAR_AppSettings":{"tableName":"7328d5cd-b810-4945-b023-50eb8f979e0b"},"BAR_Buildings":{"tableName":"b0790752-1931-4269-9cec-22c9d637dfa5"},"BAR_KeyQuestionAnswers":{"tableName":"88fc5681-8160-4d9d-aee3-649075fb324b"},"BAR_KeyQuestions":{"tableName":"a69f4a6a-1636-4dd2-aff6-7a074c56b8c9"},"BAR_LogosAssets":{"tableName":"dd57a13f-bb61-4bec-99ac-130688a3669f"},"BAR_Requests":{"tableName":"e412f965-c4d7-439a-a6ef-19948b957f34"},"BAR_SafetyPrecautions":{"tableName":"cfe2930d-8ae8-4d91-879a-9450ebd398cc"},"BAR_Spaces":{"tableName":"24f5ae0f-021c-4a0d-84c7-f56fe6199b21"}}}},"apiTier":"Standard","isCustomApiConnection":false},"0ef446f1-3d72-4bd0-9775-9973f1b8bc1e":{"id":"513ddfe6-235d-4787-aceb-6a88289362f7","displayName":"Logic flows","iconUri":"https://resourcestackdeploy.blob.core.windows.net/scripts/13276078.png","dataSources":["BARCreateRequests"],"dependencies":["a85136af-8df5-414d-87dc-5e905e932008","f7e9b7d0-887b-409e-aa31-cadb387f0d03"],"dependents":[],"parameterHints":{"workflowName":{"value":"d16a5be1-444d-47c4-aed6-c1d0fe7b61a2"},"a85136af-8df5-414d-87dc-5e905e932008":{"value":"shared_office365users_1"},"f7e9b7d0-887b-409e-aa31-cadb387f0d03":{"value":"shared_sharepointonline_1"}},"isOnPremiseConnection":false,"bypassConsent":false,"dataSets":{},"apiTier":"Standard","isCustomApiConnection":false}},"databaseReferences":{},"almMode":"Environment","performanceOptimizationEnabled":true,"canConsumeAppPass":true},"isAppComponentLibrary":false,"appType":"ClassicCanvasApp","appComponents":[]}}