{"name":"4c511cab-7080-450f-a5fe-8af9330253db","id":"/providers/Microsoft.Flow/flows/4c511cab-7080-450f-a5fe-8af9330253db","type":"Microsoft.Flow/flows","properties":{"apiId":"/providers/Microsoft.PowerApps/apis/shared_logicflows","displayName":"BARCreateRequests","definition":{"metadata":{"workflowEntityId":null,"creator":{"id":"1a6336ee-6001-45ca-b32b-492a0e85f56d","type":"User","tenantId":"066b0ea2-fd2e-4378-b3c7-775ac449a797"},"provisioningMethod":"FromDefinition","failureAlertSubscription":true,"clientLastModifiedTime":"2020-07-07T19:07:02.6754995Z"},"$schema":"https://schema.management.azure.com/providers/Microsoft.Logic/schemas/2016-06-01/workflowdefinition.json#","contentVersion":"1.0.0.0","parameters":{"$connections":{"defaultValue":{},"type":"Object"},"$authentication":{"defaultValue":{},"type":"SecureObject"}},"triggers":{"manual":{"type":"Request","kind":"PowerApp","inputs":{"schema":{"type":"object","properties":{"ParseJSON_Content":{"type":"any"},"InputRequests_Content":{"type":"any","x-ms-powerflows-param-ispartial":false},"INIReasonForAccess_Value":{"type":"string","description":"Enter initial value","x-ms-powerflows-param-ispartial":false}},"required":["ParseJSON_Content","InputRequests_Content","INIReasonForAccess_Value"]}}}},"actions":{"InputRequests":{"runAfter":{},"type":"ParseJson","inputs":{"content":"@triggerBody()['InputRequests_Content']","schema":{"type":"array","items":{"type":"object","properties":{"BuildingMaxOccupancy":{"type":"number"},"BuldingID":{"type":"integer"},"BuldingName":{"type":"string"},"DatePickerValue":{"type":"string"},"DateValue":{"type":"integer"},"FloorID":{"type":"integer"},"FloorName":{"type":"string"},"FloorTitle":{"type":"string"},"OverCapacity":{"type":"boolean"},"RequestorEmail":{"type":"string"},"RequestorName":{"type":"string"}},"required":["BuildingMaxOccupancy","BuldingID","BuldingName","DatePickerValue","DateValue","FloorID","FloorName","FloorTitle","OverCapacity","RequestorEmail","RequestorName"]}}}},"INIvarSiteURL":{"runAfter":{"InputRequests":["Succeeded"]},"type":"InitializeVariable","inputs":{"variables":[{"name":"varSiteURL","type":"string","value":"https://crm184039.sharepoint.com/sites/BAR/"}]}},"INIOutResponse":{"runAfter":{"INIvarSiteURL":["Succeeded"]},"type":"InitializeVariable","inputs":{"variables":[{"name":"OutResponse","type":"array","value":[]}]}},"INIRequestGuid":{"runAfter":{"INIOutResponse":["Succeeded"]},"type":"InitializeVariable","inputs":{"variables":[{"name":"RequestCollectionID","type":"string","value":"@{guid()}"}]}},"INIReasonForAccess":{"runAfter":{"INIRequestGuid":["Succeeded"]},"type":"InitializeVariable","inputs":{"variables":[{"name":"ReasonForAccess","type":"string","value":"@{triggerBody()['INIReasonForAccess_Value']}"}]}},"INIUserEmail":{"runAfter":{"INIReasonForAccess":["Succeeded"]},"type":"InitializeVariable","inputs":{"variables":[{"name":"UserEmail","type":"string","value":"@{first(body('InputRequests'))?['RequestorEmail']}"}]}},"Response":{"runAfter":{"Scope-CreateRequest":["Succeeded"]},"type":"Response","kind":"Http","inputs":{"statusCode":200,"body":"@variables('OutResponse')","schema":{"type":"array","items":{"type":"object","properties":{"InputRequest":{"type":"object","properties":{"BuldingID":{"type":"integer"},"DatePickerValue":{"type":"string"},"DateValue":{"type":"integer"},"FloorID":{"type":"integer"},"FloorTitle":{"type":"string"}}},"CreatedRequest":{"type":"object","properties":{"@@odata.etag":{"type":"string"},"ItemInternalId":{"type":"string"},"ID":{"type":"integer"},"Title":{"type":"string"},"BuildingID":{"type":"integer"},"FloorID":{"type":"integer"},"Status":{"type":"object","properties":{"@@odata.type":{"type":"string"},"Id":{"type":"integer"},"Value":{"type":"string"}}},"Status#Id":{"type":"integer"},"RequestDate":{"type":"string"},"DateValue":{"type":"integer"},"Requestor":{"type":"object","properties":{"@@odata.type":{"type":"string"},"Claims":{"type":"string"},"DisplayName":{"type":"string"},"Email":{"type":"string"},"Picture":{"type":"string"},"Department":{"type":"string"},"JobTitle":{"type":"string"}}},"Requestor#Claims":{"type":"string"},"Request_x0020_Collection_x0020_I":{"type":"string"},"Modified":{"type":"string"},"Created":{"type":"string"},"Author":{"type":"object","properties":{"@@odata.type":{"type":"string"},"Claims":{"type":"string"},"DisplayName":{"type":"string"},"Email":{"type":"string"},"Picture":{"type":"string"},"Department":{"type":"string"},"JobTitle":{"type":"string"}}},"Author#Claims":{"type":"string"},"Editor":{"type":"object","properties":{"@@odata.type":{"type":"string"},"Claims":{"type":"string"},"DisplayName":{"type":"string"},"Email":{"type":"string"},"Picture":{"type":"string"},"Department":{"type":"string"},"JobTitle":{"type":"string"}}},"Editor#Claims":{"type":"string"},"{Identifier}":{"type":"string"},"{IsFolder}":{"type":"boolean"},"{Thumbnail}":{"type":"object","properties":{"Large":{},"Medium":{},"Small":{}}},"{Link}":{"type":"string"},"{Name}":{"type":"string"},"{FilenameWithExtension}":{"type":"string"},"{Path}":{"type":"string"},"{FullPath}":{"type":"string"},"{HasAttachments}":{"type":"boolean"},"{VersionNumber}":{"type":"string"}}},"Success":{"type":"boolean"}}}}}},"INIRequestorExists":{"runAfter":{"INIUserEmail":["Succeeded"]},"type":"InitializeVariable","inputs":{"variables":[{"name":"varRequestorExists","type":"boolean"}]}},"INIManagerExists":{"runAfter":{"INIRequestorExists":["Succeeded"]},"type":"InitializeVariable","inputs":{"variables":[{"name":"varManagerExists","type":"boolean"}]}},"Check_Requestor_Exists":{"actions":{"Get_Requestor_Profile":{"runAfter":{},"metadata":{"flowSystemMetadata":{"swaggerOperationId":"UserProfile_V2"}},"type":"ApiConnection","inputs":{"host":{"connection":{"name":"@json(decodeBase64(triggerOutputs().headers['X-MS-APIM-Tokens']))['$connections']['shared_office365users_1']['connectionId']"},"api":{"runtimeUrl":"https://europe-002.azure-apim.net/apim/office365users"}},"method":"get","path":"/codeless/v1.0/users/@{encodeURIComponent(variables('UserEmail'))}","authentication":{"type":"Raw","value":"@json(decodeBase64(triggerOutputs().headers['X-MS-APIM-Tokens']))['$ConnectionKey']"}}},"Set_varRequestorExists_True":{"runAfter":{"Get_Requestor_Profile":["Succeeded"]},"type":"SetVariable","inputs":{"name":"varRequestorExists","value":"@true"}},"Set_varRequestorExists_False":{"runAfter":{"Get_Requestor_Profile":["Failed"]},"type":"SetVariable","inputs":{"name":"varRequestorExists","value":"@false"}}},"runAfter":{"INIManagerExists":["Succeeded"]},"type":"Scope"},"Check_Manager_Exists":{"actions":{"Get_manager_(V2)":{"runAfter":{},"metadata":{"flowSystemMetadata":{"swaggerOperationId":"Manager_V2"}},"type":"ApiConnection","inputs":{"host":{"connection":{"name":"@json(decodeBase64(triggerOutputs().headers['X-MS-APIM-Tokens']))['$connections']['shared_office365users_1']['connectionId']"},"api":{"runtimeUrl":"https://europe-002.azure-apim.net/apim/office365users"}},"method":"get","path":"/codeless/v1.0/users/@{encodeURIComponent(variables('UserEmail'))}/manager","authentication":{"type":"Raw","value":"@json(decodeBase64(triggerOutputs().headers['X-MS-APIM-Tokens']))['$ConnectionKey']"}}},"Set_varManagerExists_True":{"runAfter":{"Get_manager_(V2)":["Succeeded"]},"type":"SetVariable","inputs":{"name":"varManagerExists","value":"@true"}},"Set_varManagerExists_False":{"runAfter":{"Get_manager_(V2)":["Failed"]},"type":"SetVariable","inputs":{"name":"varManagerExists","value":"@false"}}},"runAfter":{"Check_Requestor_Exists":["Succeeded","Failed"]},"type":"Scope"},"Scope-CreateRequest":{"actions":{"ForEachRequests":{"foreach":"@body('InputRequests')","actions":{"AppendtoOutputResponse":{"runAfter":{"CreateRequests":["Succeeded"]},"type":"AppendToArrayVariable","inputs":{"name":"OutResponse","value":{"InputRequest":"@items('ForEachRequests')","CreatedRequest":"@body('CreateRequests')","Success":true}}},"CreateRequests":{"runAfter":{},"metadata":{"flowSystemMetadata":{"swaggerOperationId":"PostItem"}},"type":"ApiConnection","inputs":{"host":{"connection":{"name":"@json(decodeBase64(triggerOutputs().headers['X-MS-APIM-Tokens']))['$connections']['shared_sharepointonline_1']['connectionId']"},"api":{"runtimeUrl":"https://europe-002.azure-apim.net/apim/sharepointonline"}},"method":"post","body":{"Title":"@items('ForEachRequests')['BuldingName']","Request_x0020_Collection_x0020_I":"@variables('RequestCollectionID')","SpaceName":"@items('ForEachRequests')['FloorName']","AccessKey":"@{rand(100000, 999999)}","RequestorNameText":"@items('ForEachRequests')['RequestorName']","RequestorGuid":"@if(equals(variables('varRequestorExists'),true),body('Get_Requestor_Profile')?['id'],'')","ApproverNameText":"@if(equals(variables('varManagerExists'),true),body('Get_manager_(V2)')?['displayName'],'')","ApproverGuid":"@if(equals(variables('varManagerExists'),true),body('Get_manager_(V2)')?['id'],'')","BuildingID":"@items('ForEachRequests')['BuldingID']","FloorID":"@items('ForEachRequests')['FloorID']","DateValue":"@items('ForEachRequests')['DateValue']","Active":1,"RequestReason":"@variables('ReasonForAccess')","Status":{"Value":"@{if(equals(items('ForEachRequests')?['OverCapacity'],true),'Pending Approval','Approved')}"},"RequestorNotificationSent":false,"AutoApproved":false,"RequestDate":"@items('ForEachRequests')['DatePickerValue']","Requestor":{"Claims":"@items('ForEachRequests')['RequestorEmail']"},"Approver":{"Claims":"@if(equals(variables('varManagerExists'),true),body('Get_manager_(V2)')?['mail'],null)"}},"path":"/datasets/@{encodeURIComponent(encodeURIComponent(variables('varSiteURL')))}/tables/@{encodeURIComponent(encodeURIComponent('BAR_Requests'))}/items","authentication":{"type":"Raw","value":"@json(decodeBase64(triggerOutputs().headers['X-MS-APIM-Tokens']))['$ConnectionKey']"}}}},"runAfter":{},"type":"Foreach"}},"runAfter":{"Check_Manager_Exists":["Succeeded","Failed"]},"type":"Scope"}},"outputs":{},"description":"Create one or more actions to happen when a button or link in PowerApps is selected. To use this flow from a PowerApp, select the control you want to trigger the flow and go to the Action tab in the PowerApps ribbon and select Flows."},"connectionReferences":{"shared_office365users_1":{"connectionName":"1b72fdc036644606bf97e683972d131d","source":"Invoker","id":"/providers/Microsoft.PowerApps/apis/shared_office365users","tier":"NotSpecified"},"shared_sharepointonline_1":{"connectionName":"c8f48f56944848bd8bf68acd1bb6987e","source":"Invoker","id":"/providers/Microsoft.PowerApps/apis/shared_sharepointonline","tier":"NotSpecified"}},"flowFailureAlertSubscribed":false}}