{"name":"06ccf184-79fe-46d6-977e-084eb152aaeb","id":"/providers/Microsoft.Flow/flows/06ccf184-79fe-46d6-977e-084eb152aaeb","type":"Microsoft.Flow/flows","properties":{"apiId":"/providers/Microsoft.PowerApps/apis/shared_logicflows","displayName":"BARCreateRequests","definition":{"metadata":{"workflowEntityId":null,"flowclientsuspensionreason":"None","flowclientsuspensiontime":null,"creator":{"id":"f87a02c9-09c4-4dbe-aff4-8bfa0c3ec16f","type":"User","tenantId":"890c4e6f-46fc-4674-9350-3d8cf21fe8d3"},"provisioningMethod":"FromDefinition","failureAlertSubscription":true,"clientLastModifiedTime":"2021-01-20T12:16:53.5735402Z"},"$schema":"https://schema.management.azure.com/providers/Microsoft.Logic/schemas/2016-06-01/workflowdefinition.json#","contentVersion":"1.0.0.0","parameters":{"$connections":{"defaultValue":{},"type":"Object"},"$authentication":{"defaultValue":{},"type":"SecureObject"}},"triggers":{"manual":{"type":"Request","kind":"PowerApp","inputs":{"schema":{"type":"object","properties":{"ParseJSON_Content":{"type":"any"},"InputRequests_Content":{"type":"any","x-ms-powerflows-param-ispartial":false},"INIReasonForAccess_Value":{"type":"string","description":"Enter initial value","x-ms-powerflows-param-ispartial":false}},"required":["ParseJSON_Content","InputRequests_Content","INIReasonForAccess_Value"]}}}},"actions":{"InputRequests":{"runAfter":{},"type":"ParseJson","inputs":{"content":"@triggerBody()['InputRequests_Content']","schema":{"type":"array","items":{"type":"object","properties":{"BuildingMaxOccupancy":{"type":"number"},"DatePickerValue":{"type":"string"},"DateValue":{"type":"integer"},"FloorID":{"type":"integer"},"FloorTitle":{"type":"string"},"OverCapacity":{"type":"boolean"},"RequestorEmail":{"type":"string"},"RequestorName":{"type":"string"},"BuildingID":{"type":"integer"},"Title":{"type":"string"},"TimeSlot":{"type":"string"},"IsSlotBooked":{"type":"boolean"},"IsRequired":{"type":"boolean"},"ApproverNameText":{"type":"string"},"Approver":{"type":"string"},"ApproverGuid":{"type":"string"},"SpaceName":{"type":"string"}},"required":["BuildingMaxOccupancy","BuildingID","Title","DatePickerValue","DateValue","TimeSlot","IsSlotBooked","IsRequired","FloorID","SpaceName","OverCapacity","RequestorEmail","ApproverNameText","Approver","RequestorName"]}}}},"INIvarSiteURL":{"runAfter":{"InputRequests":["Succeeded"]},"type":"InitializeVariable","inputs":{"variables":[{"name":"varSiteURL","type":"string","value":"https://m365x931183.sharepoint.com/sites/BuildingAccessSite"}]}},"INIOutResponse":{"runAfter":{"INIvarSiteURL":["Succeeded"]},"type":"InitializeVariable","inputs":{"variables":[{"name":"OutResponse","type":"array","value":[]}]}},"INIRequestGuid":{"runAfter":{"INIOutResponse":["Succeeded"]},"type":"InitializeVariable","inputs":{"variables":[{"name":"RequestCollectionID","type":"string","value":"@{guid()}"}]}},"INIReasonForAccess":{"runAfter":{"INIRequestGuid":["Succeeded"]},"type":"InitializeVariable","inputs":{"variables":[{"name":"ReasonForAccess","type":"string","value":"@{triggerBody()['INIReasonForAccess_Value']}"}]}},"INIUserEmail":{"runAfter":{"INIReasonForAccess":["Succeeded"]},"type":"InitializeVariable","inputs":{"variables":[{"name":"UserEmail","type":"string","value":"@{first(body('InputRequests'))?['RequestorEmail']}"}]}},"Response":{"runAfter":{"Scope-CreateRequest":["Succeeded"]},"type":"Response","kind":"Http","inputs":{"statusCode":200,"body":"@variables('OutResponse')","schema":{"type":"array","items":{"type":"object","properties":{"InputRequest":{"type":"object","properties":{"BuldingID":{"type":"integer"},"DatePickerValue":{"type":"string"},"DateValue":{"type":"integer"},"FloorID":{"type":"integer"},"FloorTitle":{"type":"string"}}},"CreatedRequest":{"type":"object","properties":{"@@odata.etag":{"type":"string"},"ItemInternalId":{"type":"string"},"ID":{"type":"integer"},"Title":{"type":"string"},"BuildingID":{"type":"integer"},"FloorID":{"type":"integer"},"Status":{"type":"object","properties":{"@@odata.type":{"type":"string"},"Id":{"type":"integer"},"Value":{"type":"string"}}},"Status#Id":{"type":"integer"},"RequestDate":{"type":"string"},"DateValue":{"type":"integer"},"Requestor":{"type":"object","properties":{"@@odata.type":{"type":"string"},"Claims":{"type":"string"},"DisplayName":{"type":"string"},"Email":{"type":"string"},"Picture":{"type":"string"},"Department":{"type":"string"},"JobTitle":{"type":"string"}}},"Requestor#Claims":{"type":"string"},"Request_x0020_Collection_x0020_I":{"type":"string"},"Modified":{"type":"string"},"Created":{"type":"string"},"Author":{"type":"object","properties":{"@@odata.type":{"type":"string"},"Claims":{"type":"string"},"DisplayName":{"type":"string"},"Email":{"type":"string"},"Picture":{"type":"string"},"Department":{"type":"string"},"JobTitle":{"type":"string"}}},"Author#Claims":{"type":"string"},"Editor":{"type":"object","properties":{"@@odata.type":{"type":"string"},"Claims":{"type":"string"},"DisplayName":{"type":"string"},"Email":{"type":"string"},"Picture":{"type":"string"},"Department":{"type":"string"},"JobTitle":{"type":"string"}}},"Editor#Claims":{"type":"string"},"{Identifier}":{"type":"string"},"{IsFolder}":{"type":"boolean"},"{Thumbnail}":{"type":"object","properties":{"Large":{},"Medium":{},"Small":{}}},"{Link}":{"type":"string"},"{Name}":{"type":"string"},"{FilenameWithExtension}":{"type":"string"},"{Path}":{"type":"string"},"{FullPath}":{"type":"string"},"{HasAttachments}":{"type":"boolean"},"{VersionNumber}":{"type":"string"}}},"Success":{"type":"boolean"}}}}}},"INIRequestorExists":{"runAfter":{"Initialize_variable":["Succeeded"]},"type":"InitializeVariable","inputs":{"variables":[{"name":"varRequestorExists","type":"boolean"}]}},"INIManagerExists":{"runAfter":{"INIRequestorExists":["Succeeded"]},"type":"InitializeVariable","inputs":{"variables":[{"name":"varManagerExists","type":"boolean"}]}},"Check_Requestor_Exists":{"actions":{"Get_Requestor_Profile":{"runAfter":{},"metadata":{"flowSystemMetadata":{"swaggerOperationId":"UserProfile_V2"}},"type":"ApiConnection","inputs":{"host":{"connection":{"name":"@json(decodeBase64(triggerOutputs().headers['X-MS-APIM-Tokens']))['$connections']['shared_office365users_1']['connectionId']"},"api":{"runtimeUrl":"https://unitedstates-002.azure-apim.net/apim/office365users"}},"method":"get","path":"/codeless/v1.0/users/@{encodeURIComponent(variables('UserEmail'))}","authentication":{"type":"Raw","value":"@json(decodeBase64(triggerOutputs().headers['X-MS-APIM-Tokens']))['$ConnectionKey']"}}},"Set_varRequestorExists_True":{"runAfter":{"Get_Requestor_Profile":["Succeeded"]},"type":"SetVariable","inputs":{"name":"varRequestorExists","value":"@true"}},"Set_varRequestorExists_False":{"runAfter":{"Get_Requestor_Profile":["Failed"]},"type":"SetVariable","inputs":{"name":"varRequestorExists","value":"@false"}}},"runAfter":{"INIManagerExists":["Succeeded"]},"type":"Scope"},"Scope-CreateRequest":{"actions":{"ForEachRequests":{"foreach":"@body('InputRequests')","actions":{"AppendtoOutputResponse":{"runAfter":{"CreateRequests":["Succeeded"]},"type":"AppendToArrayVariable","inputs":{"name":"OutResponse","value":{"InputRequest":"@items('ForEachRequests')","CreatedRequest":"@body('CreateRequests')","Success":true}}},"CreateRequests":{"runAfter":{},"metadata":{"flowSystemMetadata":{"swaggerOperationId":"PostItem"}},"type":"ApiConnection","inputs":{"host":{"connection":{"name":"@json(decodeBase64(triggerOutputs().headers['X-MS-APIM-Tokens']))['$connections']['shared_sharepointonline_1']['connectionId']"},"api":{"runtimeUrl":"https://unitedstates-002.azure-apim.net/apim/sharepointonline"}},"method":"post","body":{"Title":"@items('ForEachRequests')?['Title']","Request_x0020_Collection_x0020_I":"@variables('RequestCollectionID')","SpaceName":"@items('ForEachRequests')['SpaceName']","AccessKey":"@{rand(100000, 999999)}","RequestorNameText":"@items('ForEachRequests')['RequestorName']","RequestorGuid":"@if(equals(variables('varRequestorExists'),true),body('Get_Requestor_Profile')?['id'],'')","ApproverNameText":"@items('ForEachRequests')['ApproverNameText']","ApproverGuid":"@items('ForEachRequests')['ApproverGuid']","BuildingID":"@items('ForEachRequests')['BuildingID']","FloorID":"@items('ForEachRequests')['FloorID']","Active":1,"TimeSlot":"@items('ForEachRequests')['TimeSlot']","IsSlotBooked":"@items('ForEachRequests')['IsSlotBooked']","IsRequired":"@items('ForEachRequests')['IsRequired']","RequestReason":"@variables('ReasonForAccess')","Status":{"Value":"@{if(equals(items('ForEachRequests')?['OverCapacity'],true),'Pending Approval','Approved')}"},"RequestorNotificationSent":false,"AutoApproved":"@if(equals(items('ForEachRequests')?['OverCapacity'],true),false,true)","RequestDate":"@items('ForEachRequests')['DatePickerValue']","DateValue":"@items('ForEachRequests')['DateValue']","Requestor":{"Claims":"@items('ForEachRequests')['RequestorEmail']"},"Approver":{"Claims":"@if(equals(variables('IsApproverNotPresent'),true),Null,variables('var4'))"}},"path":"/datasets/@{encodeURIComponent(encodeURIComponent(variables('varSiteURL')))}/tables/@{encodeURIComponent(encodeURIComponent('BAR_Requests'))}/items","authentication":{"type":"Raw","value":"@json(decodeBase64(triggerOutputs().headers['X-MS-APIM-Tokens']))['$ConnectionKey']"}}}},"runAfter":{},"type":"Foreach"}},"runAfter":{"Check_Requestor_Exists":["Succeeded"]},"type":"Scope"},"Apply_to_each":{"foreach":"@body('InputRequests')","actions":{"Append_to_string_variable":{"runAfter":{},"type":"AppendToStringVariable","inputs":{"name":"Empty","value":"@items('Apply_to_each')['Approver']"}},"Set_variable":{"runAfter":{"Append_to_string_variable":["Succeeded"]},"type":"SetVariable","inputs":{"name":"Var4","value":"@items('Apply_to_each')['Approver']"}}},"runAfter":{"Initialize_variable_4":["Succeeded"]},"type":"Foreach"},"Initialize_variable_2":{"runAfter":{"INIUserEmail":["Succeeded"]},"type":"InitializeVariable","inputs":{"variables":[{"name":"Empty","type":"string"}]}},"Initialize_variable":{"runAfter":{"Apply_to_each":["Succeeded"]},"type":"InitializeVariable","inputs":{"variables":[{"name":"IsApproverNotPresent","type":"boolean","value":"@If(Empty(variables('var4')),true,false)"}]}},"Initialize_variable_4":{"runAfter":{"Initialize_variable_2":["Succeeded"]},"type":"InitializeVariable","inputs":{"variables":[{"name":"Var4","type":"string"}]}}},"outputs":{},"description":"Create one or more actions to happen when a button or link in PowerApps is selected. To use this flow from a PowerApp, select the control you want to trigger the flow and go to the Action tab in the PowerApps ribbon and select Flows."},"connectionReferences":{"shared_office365users_1":{"connectionName":"482c5504474541e9a645ec1ec61eda94","source":"Invoker","id":"/providers/Microsoft.PowerApps/apis/shared_office365users","tier":"NotSpecified"},"shared_sharepointonline_1":{"connectionName":"1ff2b164e54f4c98bcd13d4278032a66","source":"Invoker","id":"/providers/Microsoft.PowerApps/apis/shared_sharepointonline","tier":"NotSpecified"}},"flowFailureAlertSubscribed":false}}