{"schemaVersion":"1.0","appDefinitionTemplate":{"id":"/providers/Microsoft.PowerApps/apps/","type":"Microsoft.PowerApps/apps","tags":{"primaryDeviceWidth":"640","primaryDeviceHeight":"1136","sienaVersion":"20200707T200024Z-3.20065.14.0","deviceCapabilities":"webcam","supportsPortrait":"true","supportsLandscape":"false","primaryFormFactor":"Phone","publisherVersion":"3.20064.22","minimumRequiredApiVersion":"2.2.0","hasComponent":"true","hasUnlockedComponent":"true","isUnifiedRootApp":"false"},"properties":{"appVersion":"2020-07-07T20:00:24Z","lifeCycleId":"Published","createdByClientVersion":{"major":3,"minor":20064,"build":22,"revision":0,"majorRevision":0,"minorRevision":0},"minClientVersion":{"major":3,"minor":20064,"build":22,"revision":0,"majorRevision":0,"minorRevision":0},"backgroundColor":"rgba(0, 138, 0, 1)","backgroundImageUri":"/7797712983737017606/N3e564882-e6ca-4e9b-a7df-227929c2828f-logoSmallFile","displayName":"Building Security","description":"","commitMessage":"","appUris":{"documentUri":{"value":"/7797712983737017606/Ne48b9d57-4693-4940-9d2c-e803aef0abf7-document.msapp","readonlyValue":"/7797712983737017606/Ne48b9d57-4693-4940-9d2c-e803aef0abf7-document.msapp"},"imageUris":[]},"createdTime":"0001-01-01T00:00:00Z","lastModifiedTime":"0001-01-01T00:00:00Z","sharedGroupsCount":0,"sharedUsersCount":0,"icons":{"smallIconUri":"/7797712983737017606/Nfdf4fa30-c8d1-47f7-8425-580b67b12121-small.png","mediumIconUri":"/7797712983737017606/Nf48568ab-792f-40c0-9d69-56668a0115fd-medium.png","largeIconUri":"/7797712983737017606/N9bb4b90f-398b-4d19-b796-41c64325397b-large.png","wideIconUri":"/7797712983737017606/N03375062-61e8-4518-aeee-8f7d7f3bb188-wide.png"},"connectionReferences":{"a85136af-8df5-414d-87dc-5e905e932008":{"id":"e83b0307-31db-4118-ac7c-7baca36523cd","displayName":"Office 365 Users","iconUri":"https://connectoricons-prod.azureedge.net/office365users/icon_1.0.1357.2029.png","dataSources":["Office365Users"],"dependencies":[],"dependents":[],"parameterHints":{},"isOnPremiseConnection":false,"bypassConsent":false,"dataSets":{},"apiTier":"Standard","isCustomApiConnection":false},"f7e9b7d0-887b-409e-aa31-cadb387f0d03":{"id":"b1bd58ca-da9a-49ec-ab1b-f270bfdc97dc","displayName":"SharePoint","iconUri":"https://connectoricons-prod.azureedge.net/sharepointonline/icon_1.0.1363.2042.png","dataSources":["BAR_AppSettings","BAR_Buildings","BAR_KeyQuestionAnswers","BAR_KeyQuestions","BAR_Requests","BAR_SafetyPrecautions","BAR_Spaces"],"dependencies":[],"dependents":[],"parameterHints":{},"isOnPremiseConnection":false,"bypassConsent":false,"dataSets":{"https://crm184039.sharepoint.com/sites/BAR":{"dataSources":{"BAR_AppSettings":{"tableName":"7328d5cd-b810-4945-b023-50eb8f979e0b"},"BAR_Buildings":{"tableName":"b0790752-1931-4269-9cec-22c9d637dfa5"},"BAR_KeyQuestionAnswers":{"tableName":"88fc5681-8160-4d9d-aee3-649075fb324b"},"BAR_KeyQuestions":{"tableName":"a69f4a6a-1636-4dd2-aff6-7a074c56b8c9"},"BAR_Requests":{"tableName":"e412f965-c4d7-439a-a6ef-19948b957f34"},"BAR_SafetyPrecautions":{"tableName":"cfe2930d-8ae8-4d91-879a-9450ebd398cc"},"BAR_Spaces":{"tableName":"24f5ae0f-021c-4a0d-84c7-f56fe6199b21"}}}},"apiTier":"Standard","isCustomApiConnection":false},"47a4ea09-2334-423d-9e50-36960f75e115":{"id":"7a025b18-3a39-47f9-8efd-a42fe60e0f11","displayName":"Microsoft Teams","iconUri":"https://connectoricons-prod.azureedge.net/teams/icon_1.0.1366.2054.png","dataSources":["MicrosoftTeams"],"dependencies":[],"dependents":[],"parameterHints":{},"isOnPremiseConnection":false,"bypassConsent":false,"dataSets":{},"apiTier":"Standard","isCustomApiConnection":false}},"databaseReferences":{},"almMode":"Environment","performanceOptimizationEnabled":true,"canConsumeAppPass":true},"isAppComponentLibrary":false,"appType":"ClassicCanvasApp","appComponents":[]}}