{"schemaVersion":"1.0","appDefinitionTemplate":{"id":"/providers/Microsoft.PowerApps/apps/","type":"Microsoft.PowerApps/apps","tags":{"primaryDeviceWidth":"640","primaryDeviceHeight":"1136","sienaVersion":"20200707T194120Z-3.20064.22.0","deviceCapabilities":"","supportsPortrait":"true","supportsLandscape":"false","primaryFormFactor":"Phone","publisherVersion":"3.20064.22","minimumRequiredApiVersion":"2.2.0","hasComponent":"true","hasUnlockedComponent":"true","isUnifiedRootApp":"false"},"properties":{"appVersion":"2020-07-07T19:41:20Z","lifeCycleId":"Published","createdByClientVersion":{"major":3,"minor":20064,"build":22,"revision":0,"majorRevision":0,"minorRevision":0},"minClientVersion":{"major":3,"minor":20064,"build":22,"revision":0,"majorRevision":0,"minorRevision":0},"backgroundColor":"rgba(0, 138, 0, 1)","backgroundImageUri":"/87503400595529096/Ne3ec20b4-8647-4bdf-9dd7-78c9815411bb-logoSmallFile","displayName":"Building Admin","description":"Building Access Admin app","commitMessage":"","appUris":{"documentUri":{"value":"/87503400595529096/N83ba486c-5cf6-4423-818b-6222b4974fff-document.msapp","readonlyValue":"/87503400595529096/N83ba486c-5cf6-4423-818b-6222b4974fff-document.msapp"},"imageUris":[]},"createdTime":"0001-01-01T00:00:00Z","lastModifiedTime":"0001-01-01T00:00:00Z","sharedGroupsCount":0,"sharedUsersCount":0,"icons":{"smallIconUri":"/87503400595529096/N7fca5f63-2265-4a7c-af0c-edc832a9643e-small.png","mediumIconUri":"/87503400595529096/N8747a6a8-5226-41c4-a668-45bf9962ed19-medium.png","largeIconUri":"/87503400595529096/Nda9c31b7-1c0f-4615-83d4-5e5a2b223b7b-large.png","wideIconUri":"/87503400595529096/N11814f4e-f108-4538-9e74-dc34a2b3242e-wide.png"},"connectionReferences":{"2c23c57b-5520-4c69-90f1-c800e06d7d41":{"id":"b1bd58ca-da9a-49ec-ab1b-f270bfdc97dc","displayName":"SharePoint","iconUri":"https://connectoricons-prod.azureedge.net/sharepointonline/icon_1.0.1363.2042.png","dataSources":["BAR_AppSettings","BAR_Buildings","BAR_KeyQuestionAnswers","BAR_KeyQuestions","BAR_LogosAssets","BAR_Requests","BAR_SafetyPrecautions","BAR_Spaces"],"dependencies":[],"dependents":[],"parameterHints":{},"isOnPremiseConnection":false,"bypassConsent":false,"dataSets":{"https://crm184039.sharepoint.com/sites/BAR":{"dataSources":{"BAR_AppSettings":{"tableName":"7328d5cd-b810-4945-b023-50eb8f979e0b"},"BAR_Buildings":{"tableName":"b0790752-1931-4269-9cec-22c9d637dfa5"},"BAR_KeyQuestionAnswers":{"tableName":"88fc5681-8160-4d9d-aee3-649075fb324b"},"BAR_KeyQuestions":{"tableName":"a69f4a6a-1636-4dd2-aff6-7a074c56b8c9"},"BAR_LogosAssets":{"tableName":"dd57a13f-bb61-4bec-99ac-130688a3669f"},"BAR_Requests":{"tableName":"e412f965-c4d7-439a-a6ef-19948b957f34"},"BAR_SafetyPrecautions":{"tableName":"cfe2930d-8ae8-4d91-879a-9450ebd398cc"},"BAR_Spaces":{"tableName":"24f5ae0f-021c-4a0d-84c7-f56fe6199b21"}}}},"apiTier":"Standard","isCustomApiConnection":false}},"databaseReferences":{},"almMode":"Environment","performanceOptimizationEnabled":true,"canConsumeAppPass":true},"isAppComponentLibrary":false,"appType":"ClassicCanvasApp","appComponents":[]}}