{"schemaVersion":"1.0","appDefinitionTemplate":{"id":"/providers/Microsoft.PowerApps/apps/","type":"Microsoft.PowerApps/apps","tags":{"primaryDeviceWidth":"640","primaryDeviceHeight":"1136","sienaVersion":"20200925T162130Z-3.20091.41.0","deviceCapabilities":"","supportsPortrait":"true","supportsLandscape":"false","primaryFormFactor":"Phone","publisherVersion":"3.20091.41","minimumRequiredApiVersion":"2.2.0","hasComponent":"true","hasUnlockedComponent":"true","isUnifiedRootApp":"false"},"properties":{"appVersion":"2020-09-25T16:21:30Z","lifeCycleId":"Published","createdByClientVersion":{"major":3,"minor":20091,"build":41,"revision":0,"majorRevision":0,"minorRevision":0},"minClientVersion":{"major":3,"minor":20091,"build":41,"revision":0,"majorRevision":0,"minorRevision":0},"backgroundColor":"rgba(0, 138, 0, 1)","backgroundImageUri":"/7505166520000198606/N67c26edb-a357-4231-9562-55ca5594e6fa-logoSmallFile","displayName":"Building Admin","description":"Building Access Admin app","commitMessage":"","appUris":{"documentUri":{"value":"/7505166520000198606/Ne67b83a1-fe3f-4521-a948-b13cd4022488-document.msapp","readonlyValue":"/7505166520000198606/Ne67b83a1-fe3f-4521-a948-b13cd4022488-document.msapp"},"imageUris":[]},"createdTime":"0001-01-01T00:00:00Z","lastModifiedTime":"0001-01-01T00:00:00Z","sharedGroupsCount":0,"sharedUsersCount":0,"icons":{"smallIconUri":"/7505166520000198606/N221679a4-997b-401c-ad76-4a39c6365846-small.png","mediumIconUri":"/7505166520000198606/N8015fbd5-c73d-412c-a590-578bfa9e0f51-medium.png","largeIconUri":"/7505166520000198606/Na48531eb-7358-4c6d-bd25-15931a478653-large.png","wideIconUri":"/7505166520000198606/N324e5c7a-9455-4807-979d-651bba418f4c-wide.png"},"connectionReferences":{"cfc49968-e5d3-4281-9977-547670301b2c":{"id":"8130f193-7a6c-4df2-af6c-1ba555ca082e","displayName":"SharePoint","iconUri":"https://connectoricons-prod.azureedge.net/releases/v1.0.1398/1.0.1398.2149/sharepointonline/icon.png","dataSources":["BAR_AppSettings","BAR_Buildings","BAR_KeyQuestionAnswers","BAR_KeyQuestions","BAR_LogosAssets","BAR_Requests","BAR_SafetyPrecautions","BAR_Spaces","BAR_TimeSlots"],"dependencies":[],"dependents":[],"parameterHints":{},"isOnPremiseConnection":false,"dataSets":{"https://m365x931183.sharepoint.com/sites/BuildingAccessSite":{"dataSources":{"BAR_AppSettings":{"tableName":"804e7f8e-5ba1-4c50-bb0b-f545d7391911"},"BAR_Buildings":{"tableName":"bf50e6b1-ee6e-4d47-af7c-f5ad26f6490b"},"BAR_KeyQuestionAnswers":{"tableName":"85fb09a8-0c1a-40eb-9525-966d7cfca26b"},"BAR_KeyQuestions":{"tableName":"a7358af0-e641-4af0-a271-837bde464bef"},"BAR_LogosAssets":{"tableName":"5fb27c65-267e-4baf-bda5-1d7320634bef"},"BAR_Requests":{"tableName":"d9f00e1c-64fe-4c3e-880b-9c762a33f478"},"BAR_SafetyPrecautions":{"tableName":"8953b923-f1eb-4eab-a4a1-bac2bb453e16"},"BAR_Spaces":{"tableName":"8d6a62fe-5713-4103-84cb-00975624a5a9"},"BAR_TimeSlots":{"tableName":"534d6ec2-9f81-4ae3-9a40-a051e034b72d"}}}},"apiTier":"Standard","isCustomApiConnection":false},"1ea4fd5d-a60b-4d53-8257-a73bf348c492":{"id":"85b545a6-53c5-4d8b-a371-49e0dbeacbae","displayName":"Office 365 Users","iconUri":"https://connectoricons-prod.azureedge.net/releases/v1.0.1385/1.0.1385.2110/office365users/icon.png","dataSources":["Office365Users"],"dependencies":[],"dependents":[],"parameterHints":{},"isOnPremiseConnection":false,"dataSets":{},"apiTier":"Standard","isCustomApiConnection":false}},"databaseReferences":{},"almMode":"Environment","performanceOptimizationEnabled":true,"canConsumeAppPass":true},"isAppComponentLibrary":false,"appType":"ClassicCanvasApp","appComponents":[]}}